Time Scaled,S0 CASSCF 2R,S1 CASSCF 2R,S0 CASSCF 2R Scaled,S1 CASSCF 2R Scaled,S0 CASSCF 2R Scaled CASPT2,S1 CASSCF 2R Scaled CASPT2,S0 CASSCF Energy,S1 CASSCF Energy,S2 CASSCF Energy,S0 CASPT2 Energy,S1 CASPT2 Energy,S2 CASPT2 Energy,Scaled S0 CASSCF Energy,Scaled S1 CASSCF Energy,Scaled S2 CASSCF Energy,Scaled S0 CASPT2 Energy,Scaled S1 CASPT2 Energy,Scaled S2 CASPT2 Energy,S0 Mulliken Charge,S1 Mulliken Charge,S2 Mulliken Charge,Oscillator Strength S0S1,Oscillator Strength S0S2,Oscillator Strength S1S2,Reactive TORS,Reactive HOOP,HOOP in phase,TAU overlap,full-BLA,beta-BLA,rpsb-BLA
0.0000,-869.180541149,-869.059394851,0.0,76.0,0.0,52.1,-869.180775,-869.057837,-869.036626,-871.922743,-871.838522,-871.805605,0.0,77.1,90.5,0.0,52.8,73.5,0.6103,0.3312,0.5902,1.372860,0.346955,0.041772,-16.313999999999993,-9.251000000000005,-3.531499999999994,-12.782499999999999,0.093,0.095,0.109
1.2082,-869.180510664,-869.060423309,0.0,75.4,0.0,51.6,-869.180353,-869.060215,-869.040856,-871.923336,-871.840586,-871.809459,0.3,75.7,87.8,-0.4,51.6,71.1,0.6007,0.3264,0.5958,1.426041,0.317469,0.037988,-16.328000000000003,-9.328000000000003,-3.5,-12.828000000000003,0.085,0.088,0.097
2.4164,-869.179998531,-869.062967763,0.3,73.8,0.2,50.5,-869.179108,-869.063092,-869.046638,-871.923811,-871.843165,-871.814835,1.0,73.8,84.2,-0.7,49.9,67.7,0.5861,0.3165,0.6082,1.526344,0.253510,0.028907,-16.35300000000001,-9.457999999999998,-3.447500000000005,-12.905500000000004,0.072,0.076,0.077
3.6246,-869.178599383,-869.066184438,1.2,71.8,0.8,49.2,-869.176507,-869.065494,-869.052447,-871.923621,-871.845316,-871.820538,2.7,72.3,80.5,-0.6,48.6,64.1,0.5658,0.2985,0.6315,1.689026,0.135066,0.013027,-16.38900000000001,-9.645999999999987,-3.3715000000000117,-13.017499999999998,0.055,0.061,0.053
4.8327,-869.175823626,-869.06913178,3.0,69.9,2.0,47.9,-869.172393,-869.067296,-869.056634,-871.922500,-871.845720,-871.825931,5.3,71.2,77.9,0.2,48.3,60.8,0.5423,0.2835,0.6563,1.855684,0.013765,0.000437,-16.438999999999993,-9.893,-3.272999999999996,-13.165999999999997,0.035,0.044,0.027
6.0409,-869.17166213,-869.07137772,5.6,68.5,3.8,46.9,-869.166742,-869.069206,-869.057329,-871.920161,-871.844274,-871.830235,8.8,70.0,77.5,1.6,49.2,58.0,0.5169,0.3177,0.6358,1.749930,0.155890,0.025700,-16.506,-10.206999999999994,-3.1495000000000033,-13.356499999999997,0.014,0.025,0.001
7.2491,-869.166217809,-869.072976386,9.0,67.5,6.2,46.2,-869.159414,-869.071155,-869.053810,-871.916217,-871.844262,-871.829865,13.4,68.8,79.7,4.1,49.2,58.3,0.4915,0.3714,0.5978,1.499488,0.424282,0.089198,-16.592000000000013,-10.597000000000008,-2.9975000000000023,-13.59450000000001,-0.008,0.004,-0.023
8.4573,-869.159293127,-869.074035966,13.3,66.8,9.1,45.8,-869.150828,-869.072304,-869.047277,-871.910784,-871.844817,-871.825201,18.8,68.1,83.8,7.5,48.9,61.2,0.4696,0.4010,0.5835,1.341981,0.568945,0.169645,-16.697000000000003,-11.068000000000012,-2.8144999999999953,-13.882500000000007,-0.030,-0.017,-0.044
9.6655,-869.151060027,-869.074628888,18.5,66.5,12.7,45.5,-869.141572,-869.072333,-869.038891,-871.904151,-871.844484,-871.817903,24.6,68.0,89.0,11.7,49.1,65.8,0.4525,0.4108,0.5851,1.258000,0.605027,0.258339,-16.823000000000008,-11.617999999999995,-2.6025000000000063,-14.220500000000001,-0.051,-0.039,-0.058
10.8737,-869.142072629,-869.074443599,24.1,66.6,16.5,45.6,-869.132312,-869.071102,-869.029781,-871.896736,-871.842827,-871.809219,30.4,68.8,94.7,16.3,50.1,71.2,0.4428,0.4068,0.5928,1.205476,0.576184,0.342872,-16.964,-12.23599999999999,-2.3640000000000043,-14.599999999999994,-0.071,-0.061,-0.065
12.0819,-869.133030762,-869.073185985,29.8,67.4,20.4,46.2,-869.124056,-869.069084,-869.021371,-871.889457,-871.840313,-871.800533,35.6,70.1,100.0,20.9,51.7,76.7,0.4425,0.3933,0.6022,1.162781,0.515902,0.407684,-17.119,-12.909999999999997,-2.1045000000000016,-15.014499999999998,-0.086,-0.079,-0.064
13.2900,-869.124898651,-869.071288813,34.9,68.6,23.9,47.0,-869.117835,-869.066986,-869.015053,-871.883415,-871.837824,-871.793306,39.5,71.4,104.0,24.7,53.3,81.2,0.4529,0.3728,0.6135,1.119620,0.451016,0.442339,-17.283999999999992,-13.625,-1.829499999999996,-15.454499999999996,-0.097,-0.094,-0.054
14.4982,-869.118626013,-869.069478932,38.9,69.7,26.6,47.7,-869.114521,-869.065514,-869.011923,-871.879574,-871.836355,-871.788741,41.6,72.3,106.0,27.1,54.2,84.1,0.4736,0.3463,0.6247,1.070604,0.397394,0.452966,-17.454000000000008,-14.36699999999999,-1.5435000000000088,-15.910499999999999,-0.101,-0.103,-0.037
15.7064,-869.115051691,-869.068540884,41.1,70.3,28.2,48.1,-869.114411,-869.065050,-869.012115,-871.878452,-871.836149,-871.787613,41.6,72.6,105.8,27.8,54.3,84.8,0.4964,0.3242,0.6315,1.026624,0.371423,0.453555,-17.62700000000001,-15.117999999999995,-1.2545000000000073,-16.372500000000002,-0.099,-0.107,-0.014
16.9146,-869.114477124,-869.068674225,41.5,70.2,28.4,48.1,-869.117296,-869.065762,-869.015305,-871.880154,-871.837121,-871.790096,39.8,72.2,103.8,26.7,53.7,83.2,0.5128,0.3149,0.6293,0.996463,0.382444,0.455850,-17.804000000000002,-15.866000000000014,-0.9689999999999941,-16.835000000000008,-0.092,-0.104,0.012
18.1228,-869.116864209,-869.06977362,40.0,69.5,27.4,47.6,-869.122405,-869.067144,-869.020761,-871.883995,-871.838780,-871.795401,36.6,71.3,100.4,24.3,52.7,79.9,0.5240,0.3188,0.6191,0.974284,0.429277,0.456232,-17.98400000000001,-16.593999999999994,-0.6950000000000074,-17.289,-0.080,-0.096,0.039
19.3310,-869.121615972,-869.071270362,37.0,68.6,25.3,47.0,-869.128563,-869.068563,-869.027190,-871.888906,-871.840123,-871.802106,32.8,70.4,96.4,21.2,51.8,75.7,0.5273,0.3354,0.6025,0.965657,0.507083,0.438565,-18.173000000000002,-17.283999999999992,-0.444500000000005,-17.728499999999997,-0.066,-0.083,0.063
20.5392,-869.12767915,-869.072374873,33.2,67.9,22.7,46.5,-869.135059,-869.069583,-869.033815,-871.894057,-871.840799,-871.809041,28.7,69.8,92.2,18.0,51.4,71.3,0.5264,0.3582,0.5834,0.966229,0.597532,0.394010,-18.376000000000005,-17.914999999999992,-0.23050000000000637,-18.1455,-0.049,-0.068,0.081
21.7473,-869.134328653,-869.072846206,29.0,67.6,19.9,46.3,-869.141430,-869.070054,-869.040050,-871.898921,-871.840858,-871.815361,24.7,69.5,88.3,14.9,51.4,67.4,0.5249,0.3792,0.5666,0.976949,0.673679,0.328278,-18.59899999999999,-18.471000000000004,-0.06399999999999295,-18.534999999999997,-0.033,-0.051,0.092
22.9555,-869.14096099,-869.072803709,24.8,67.6,17.0,46.3,-869.147229,-869.070170,-869.045382,-871.903307,-871.840661,-871.820407,21.1,69.4,85.0,12.2,51.5,64.2,0.5217,0.3913,0.5585,1.021292,0.702446,0.254806,-18.84899999999999,-18.936000000000007,0.043500000000008754,-18.8925,-0.019,-0.034,0.094
24.1637,-869.146940847,-869.072660046,21.1,67.7,14.4,46.4,-869.151912,-869.069973,-869.049243,-871.906928,-871.840528,-871.823622,18.1,69.5,82.5,9.9,51.6,62.2,0.5165,0.3887,0.5642,1.120632,0.658933,0.188522,-19.12899999999999,-19.302999999999997,0.0870000000000033,-19.215999999999994,-0.008,-0.019,0.088
25.3719,-869.151586521,-869.072606624,18.2,67.7,12.4,46.4,-869.155857,-869.070381,-869.052107,-871.910339,-871.841453,-871.825734,15.6,69.3,80.7,7.8,51.0,60.9,0.5099,0.3744,0.5824,1.273368,0.548177,0.136753,-19.442000000000007,-19.56899999999999,0.06349999999999056,-19.505499999999998,-0.000,-0.006,0.074
26.5801,-869.155421507,-869.07339857,15.8,67.2,10.8,46.1,-869.158483,-869.071021,-869.053366,-871.913037,-871.842896,-871.826642,14.0,68.9,79.9,6.1,50.1,60.3,0.5003,0.3582,0.6031,1.441988,0.414267,0.100904,-19.784999999999997,-19.739000000000004,-0.022999999999996135,-19.762,0.004,0.005,0.055
27.7883,-869.158100165,-869.074279663,14.1,66.7,9.6,45.7,-869.159402,-869.071301,-869.052883,-871.914484,-871.844007,-871.826487,13.4,68.7,80.3,5.2,49.4,60.4,0.4909,0.3504,0.6176,1.568539,0.315248,0.081703,-20.155,-19.822000000000003,-0.1664999999999992,-19.988500000000002,0.006,0.013,0.033
28.9964,-869.159208965,-869.074597815,13.4,66.5,9.2,45.5,-869.158696,-869.071085,-869.050966,-871.914632,-871.844296,-871.825454,13.9,68.8,81.5,5.1,49.2,61.0,0.4794,0.3525,0.6235,1.648009,0.262218,0.075137,-20.544999999999987,-19.834000000000003,-0.35549999999999216,-20.189499999999995,0.006,0.019,0.011
30.2046,-869.158770676,-869.07419194,13.7,66.7,9.4,45.7,-869.156846,-869.070329,-869.048215,-871.913661,-871.843709,-871.823738,15.0,69.3,83.2,5.7,49.6,62.1,0.4685,0.3617,0.6249,1.688240,0.244177,0.077225,-20.948000000000008,-19.787000000000006,-0.5805000000000007,-20.367500000000007,0.005,0.022,-0.008
31.4128,-869.157195396,-869.073171496,14.6,67.4,10.0,46.2,-869.154530,-869.069491,-869.045424,-871.912109,-871.842704,-871.821809,16.5,69.8,84.9,6.7,50.2,63.3,0.4595,0.3727,0.6239,1.699085,0.251030,0.085079,-21.35499999999999,-19.69399999999999,-0.8305000000000007,-20.52449999999999,0.002,0.022,-0.023
32.6210,-869.155119408,-869.072060662,16.0,68.1,10.9,46.6,-869.152162,-869.068797,-869.042967,-871.910318,-871.841592,-871.819888,18.0,70.3,86.5,7.8,50.9,64.5,0.4528,0.3840,0.6221,1.688169,0.273816,0.096288,-21.75800000000001,-19.570999999999998,-1.093500000000006,-20.664500000000004,-0.001,0.020,-0.031
33.8292,-869.152926368,-869.071138925,17.3,68.7,11.9,47.0,-869.149979,-869.068400,-869.041117,-871.908577,-871.840673,-871.818239,19.3,70.5,87.6,8.9,51.5,65.6,0.4492,0.3925,0.6203,1.659155,0.307531,0.109329,-22.151999999999987,-19.430000000000007,-1.36099999999999,-20.790999999999997,-0.004,0.016,-0.032
35.0374,-869.150838317,-869.070592981,18.6,69.0,12.8,47.3,-869.148196,-869.068461,-869.040015,-871.907195,-871.840252,-871.817116,20.4,70.5,88.3,9.8,51.8,66.3,0.4494,0.3977,0.6190,1.614617,0.348490,0.123825,-22.53200000000001,-19.287000000000006,-1.6225000000000023,-20.90950000000001,-0.008,0.011,-0.027
36.2456,-869.149064036,-869.070591065,19.8,69.0,13.5,47.3,-869.146658,-869.068782,-869.039361,-871.906062,-871.840219,-871.816330,21.4,70.3,88.7,10.5,51.8,66.8,0.4526,0.3990,0.6182,1.558521,0.392250,0.139918,-22.895999999999987,-19.155,-1.8704999999999927,-21.025499999999994,-0.011,0.005,-0.016
37.4537,-869.1474658,-869.070924243,20.8,68.8,14.2,47.1,-869.145194,-869.069227,-869.039048,-871.905052,-871.840508,-871.815859,22.3,70.0,88.9,11.1,51.6,67.1,0.4590,0.3973,0.6169,1.491331,0.437822,0.158968,-23.24199999999999,-19.054000000000002,-2.093999999999994,-21.147999999999996,-0.014,-0.003,-0.002
38.6619,-869.14587723,-869.071449779,21.8,68.5,14.9,46.9,-869.143664,-869.069634,-869.038741,-871.903938,-871.840858,-871.815366,23.3,69.7,89.1,11.8,51.4,67.4,0.4675,0.3940,0.6156,1.418566,0.481171,0.181591,-23.572000000000003,-19.00399999999999,-2.284000000000006,-21.287999999999997,-0.017,-0.011,0.015
39.8701,-869.144183613,-869.071971155,22.8,68.1,15.6,46.7,-869.142107,-869.070064,-869.038401,-871.902740,-871.841293,-871.814835,24.3,69.5,89.3,12.6,51.1,67.7,0.4755,0.3893,0.6128,1.345455,0.518971,0.207793,-23.887,-19.026999999999987,-2.430000000000007,-21.456999999999994,-0.020,-0.019,0.031
41.0783,-869.142455844,-869.07252291,23.9,67.8,16.4,46.4,-869.140495,-869.070504,-869.037934,-871.901386,-871.841707,-871.814129,25.3,69.2,89.6,13.4,50.9,68.2,0.4819,0.3840,0.6091,1.276826,0.548888,0.237333,-24.187999999999988,-19.141999999999996,-2.522999999999996,-21.664999999999992,-0.024,-0.028,0.046
42.2865,-869.140680418,-869.07307849,25.0,67.4,17.1,46.2,-869.138800,-869.070925,-869.037216,-871.899860,-871.841986,-871.813121,26.3,68.9,90.1,14.4,50.7,68.8,0.4853,0.3795,0.6051,1.220094,0.568399,0.267830,-24.479000000000013,-19.36699999999999,-2.5560000000000116,-21.923000000000002,-0.029,-0.037,0.057
43.4947,-869.138837054,-869.073576963,26.2,67.1,17.9,46.0,-869.136768,-869.071037,-869.036142,-871.897974,-871.842055,-871.811719,27.6,68.9,90.8,15.5,50.6,69.7,0.4892,0.3739,0.6012,1.165607,0.580319,0.303055,-24.762,-19.716000000000008,-2.522999999999996,-22.239000000000004,-0.035,-0.045,0.064
44.7029,-869.136700026,-869.073801933,27.5,67.0,18.8,45.9,-869.134608,-869.071072,-869.034725,-871.896054,-871.841994,-871.810066,29.0,68.8,91.6,16.7,50.7,70.7,0.4887,0.3699,0.5985,1.128459,0.582675,0.335934,-25.04400000000001,-20.199000000000012,-2.4224999999999994,-22.62150000000001,-0.041,-0.053,0.066
45.9110,-869.13445585,-869.073887681,28.9,66.9,19.8,45.8,-869.132369,-869.070984,-869.033130,-871.894215,-871.841985,-871.808387,30.4,68.9,92.6,17.9,50.7,71.8,0.4872,0.3666,0.5964,1.099170,0.578486,0.369298,-25.326999999999998,-20.819999999999993,-2.2535000000000025,-23.073499999999996,-0.048,-0.060,0.063
47.1192,-869.132173857,-869.073852706,30.4,66.9,20.8,45.9,-869.129874,-869.070584,-869.031141,-871.892306,-871.841774,-871.806492,31.9,69.1,93.9,19.1,50.8,72.9,0.4834,0.3645,0.5958,1.081094,0.569590,0.399914,-25.61699999999999,-21.568000000000012,-2.024499999999989,-23.5925,-0.055,-0.067,0.055
48.3274,-869.129679505,-869.073476453,31.9,67.2,21.9,46.0,-869.127065,-869.069746,-869.028751,-871.890199,-871.841237,-871.804304,33.7,69.7,95.4,20.4,51.1,74.3,0.4791,0.3642,0.5963,1.069761,0.558248,0.428728,-25.914999999999992,-22.425999999999988,-1.7445000000000022,-24.17049999999999,-0.062,-0.073,0.045
49.5356,-869.126935042,-869.072656708,33.6,67.7,23.0,46.4,-869.124343,-869.068861,-869.026317,-871.888300,-871.840570,-871.802202,35.4,70.2,96.9,21.6,51.6,75.6,0.4714,0.3671,0.5973,1.071023,0.547373,0.450513,-26.22200000000001,-23.366000000000014,-1.4279999999999973,-24.79400000000001,-0.068,-0.077,0.033
50.7438,-869.124343542,-869.071694219,35.3,68.3,24.2,46.8,-869.121850,-869.067914,-869.023982,-871.886565,-871.839685,-871.800172,37.0,70.8,98.4,22.7,52.1,76.9,0.4615,0.3732,0.5985,1.080418,0.539211,0.463903,-26.534999999999997,-24.36099999999999,-1.0870000000000033,-25.447999999999993,-0.074,-0.081,0.020
51.9520,-869.1220476,-869.070594123,36.7,69.0,25.1,47.3,-869.120446,-869.067640,-869.022646,-871.885759,-871.839353,-871.799070,37.9,71.0,99.2,23.2,52.3,77.6,0.4517,0.3815,0.5999,1.093017,0.534821,0.469413,-26.849999999999994,-25.38300000000001,-0.7334999999999923,-26.116500000000002,-0.078,-0.083,0.010
53.1602,-869.120866314,-869.070131277,37.4,69.3,25.7,47.5,-869.120091,-869.067816,-869.022325,-871.885706,-871.839362,-871.798815,38.1,70.9,99.4,23.2,52.3,77.8,0.4455,0.3913,0.6031,1.104387,0.533969,0.465492,-27.163999999999987,-26.40700000000001,-0.3784999999999883,-26.7855,-0.079,-0.084,0.004
54.3683,-869.120682046,-869.070132723,37.6,69.3,25.7,47.5,-869.121018,-869.068603,-869.023336,-871.886640,-871.840051,-871.799712,37.5,70.4,98.8,22.7,51.9,77.2,0.4461,0.3998,0.6076,1.109114,0.534893,0.454600,-27.47,-27.417,-0.026499999999998636,-27.4435,-0.079,-0.083,0.003
55.5765,-869.121695664,-869.070834159,36.9,68.8,25.3,47.2,-869.123032,-869.069805,-869.025475,-871.888423,-871.841287,-871.801647,36.2,69.6,97.5,21.5,51.1,76.0,0.4534,0.4061,0.6136,1.107382,0.537307,0.437910,-27.766999999999996,-28.400000000000006,0.3165000000000049,-28.0835,-0.075,-0.080,0.007
56.7847,-869.123689308,-869.072037998,35.7,68.1,24.4,46.6,-869.125810,-869.071061,-869.028377,-871.890741,-871.842713,-871.804346,34.5,68.8,95.6,20.1,50.2,74.3,0.4661,0.4106,0.6191,1.100022,0.542559,0.417854,-28.051999999999992,-29.34299999999999,0.6454999999999984,-28.69749999999999,-0.069,-0.076,0.016
57.9929,-869.126349743,-869.073370842,34.0,67.3,23.3,46.1,-869.128468,-869.071584,-869.031021,-871.892731,-871.843442,-871.806859,32.8,68.5,94.0,18.8,49.8,72.7,0.4807,0.4146,0.6227,1.090980,0.551837,0.395780,-28.326999999999998,-30.22999999999999,0.9514999999999958,-29.278499999999994,-0.062,-0.070,0.028
59.2011,-869.12884673,-869.073986545,32.4,66.9,22.2,45.8,-869.130981,-869.071460,-869.033332,-871.894398,-871.843478,-871.809127,31.2,68.6,92.5,17.8,49.7,71.3,0.4948,0.4183,0.6243,1.083797,0.565120,0.371756,-28.592000000000013,-31.049000000000007,1.2284999999999968,-29.82050000000001,-0.053,-0.062,0.042
60.4093,-869.131200969,-869.073933009,31.0,66.9,21.2,45.8,-869.132984,-869.070463,-869.034874,-871.895377,-871.842509,-871.810643,30.0,69.2,91.6,17.2,50.3,70.3,0.5064,0.4215,0.6235,1.080825,0.580373,0.345414,-28.851,-31.784999999999997,1.4669999999999987,-30.317999999999998,-0.043,-0.054,0.054
61.6175,-869.133084949,-869.072968275,29.8,67.5,20.4,46.2,-869.134933,-869.069472,-869.036190,-871.896335,-871.841369,-871.811869,28.8,69.8,90.7,16.6,51.1,69.6,0.5121,0.4236,0.6221,1.095004,0.589947,0.315682,-29.105999999999995,-32.429,1.6615000000000038,-30.7675,-0.033,-0.045,0.063
62.8256,-869.134994063,-869.071959797,28.6,68.1,19.6,46.7,-869.136624,-869.068384,-869.037070,-871.897073,-871.840015,-871.812543,27.7,70.5,90.2,16.1,51.9,69.2,0.5130,0.4233,0.6217,1.124932,0.589059,0.283748,-29.35900000000001,-32.976,1.8084999999999951,-31.167500000000004,-0.024,-0.035,0.067
64.0338,-869.136693061,-869.070844709,27.5,68.8,18.8,47.2,-869.138423,-869.067815,-869.037993,-871.898104,-871.839210,-871.813231,26.6,70.9,89.6,15.5,52.4,68.7,0.5098,0.4211,0.6224,1.167183,0.576353,0.253465,-29.60900000000001,-33.42699999999999,1.9089999999999918,-31.518,-0.017,-0.026,0.067
65.2420,-869.13853801,-869.070257913,26.4,69.2,18.1,47.4,-869.140647,-869.068288,-869.039350,-871.899924,-871.839569,-871.814494,25.2,70.6,88.7,14.3,52.2,67.9,0.5028,0.4182,0.6246,1.220531,0.552546,0.226365,-29.858000000000004,-33.787000000000006,1.964500000000001,-31.822500000000005,-0.011,-0.018,0.062
66.4502,-869.14085001,-869.0706848,24.9,68.9,17.1,47.2,-869.142919,-869.069413,-869.040819,-871.902119,-871.840794,-871.816094,23.8,69.9,87.8,12.9,51.4,66.9,0.4942,0.4159,0.6267,1.267911,0.526733,0.206938,-30.105999999999995,-34.06299999999999,1.9784999999999968,-32.08449999999999,-0.008,-0.010,0.052
67.6584,-869.143233672,-869.071748226,23.4,68.3,16.0,46.8,-869.144722,-869.070757,-869.041937,-871.904173,-871.842397,-871.817579,22.6,69.0,87.1,11.7,50.4,66.0,0.4840,0.4149,0.6278,1.304651,0.504403,0.195677,-30.357,-34.25999999999999,1.9514999999999958,-32.308499999999995,-0.006,-0.005,0.039
68.8666,-869.145175861,-869.072999591,22.2,67.5,15.2,46.2,-869.145227,-869.071557,-869.041929,-871.905172,-871.843470,-871.818066,22.3,68.5,87.1,11.0,49.7,65.7,0.4718,0.4164,0.6277,1.327926,0.489333,0.192398,-30.611999999999995,-34.385999999999996,1.8870000000000005,-32.498999999999995,-0.007,-0.001,0.024
70.0748,-869.145856714,-869.073662437,21.8,67.1,14.9,45.9,-869.144428,-869.071763,-869.040799,-871.904967,-871.843811,-871.817416,22.8,68.4,87.8,11.2,49.5,66.1,0.4578,0.4201,0.6256,1.337283,0.482554,0.196295,-30.876000000000005,-34.45400000000001,1.7890000000000015,-32.665000000000006,-0.010,0.001,0.008
71.2829,-869.145262532,-869.073691126,22.1,67.0,15.2,45.9,-869.142601,-869.071551,-869.038826,-871.903720,-871.843509,-871.815790,24.0,68.5,89.1,11.9,49.7,67.1,0.4428,0.4248,0.6223,1.333212,0.483325,0.206131,-31.150000000000006,-34.477000000000004,1.663499999999999,-32.813500000000005,-0.014,0.001,-0.007
72.4911,-869.14365144,-869.073280937,23.1,67.3,15.9,46.1,-869.139866,-869.070907,-869.036169,-871.901482,-871.842559,-871.813248,25.7,68.9,90.7,13.3,50.3,68.7,0.4292,0.4295,0.6186,1.315113,0.489580,0.221063,-31.437000000000012,-34.474999999999994,1.5189999999999912,-32.956,-0.020,-0.002,-0.019
73.6993,-869.141122939,-869.072455444,24.7,67.8,16.9,46.5,-869.136766,-869.070236,-869.033354,-871.898836,-871.841451,-871.810371,27.6,69.4,92.5,15.0,51.0,70.5,0.4174,0.4331,0.6152,1.288455,0.496986,0.238516,-31.73599999999999,-34.464,1.3640000000000043,-33.099999999999994,-0.027,-0.008,-0.027
74.9075,-869.138198005,-869.07163267,26.6,68.3,18.2,46.8,-869.133428,-869.069498,-869.030562,-871.895918,-871.840312,-871.807308,29.7,69.8,94.3,16.8,51.7,72.4,0.4123,0.4333,0.6142,1.250591,0.502698,0.258314,-32.048,-34.46100000000001,1.2065000000000055,-33.25450000000001,-0.033,-0.015,-0.028
76.1157,-869.134962777,-869.070837436,28.6,68.8,19.6,47.2,-869.130653,-869.069298,-869.028635,-871.893560,-871.839939,-871.804955,31.5,70.0,95.5,18.3,52.0,73.9,0.4163,0.4281,0.6168,1.202975,0.501481,0.278791,-32.373999999999995,-34.47999999999999,1.0529999999999973,-33.42699999999999,-0.039,-0.023,-0.022
77.3239,-869.132169249,-869.070717403,30.4,68.9,20.8,47.2,-869.128952,-869.069950,-869.028070,-871.892216,-871.840777,-871.803815,32.5,69.5,95.8,19.2,51.4,74.6,0.4316,0.4170,0.6229,1.145176,0.491126,0.299802,-32.71199999999999,-34.536,0.9120000000000061,-33.623999999999995,-0.045,-0.033,-0.010
78.5321,-869.130297432,-869.071620468,31.5,68.3,21.6,46.8,-869.127815,-869.070685,-869.028196,-871.891156,-871.842015,-871.803203,33.2,69.1,95.7,19.8,50.7,75.0,0.4569,0.4011,0.6317,1.078548,0.472515,0.321281,-33.06700000000001,-34.638000000000005,0.785499999999999,-33.852500000000006,-0.049,-0.043,0.008
79.7402,-869.128809722,-869.072785075,32.5,67.6,22.2,46.3,-869.126957,-869.071077,-869.028672,-871.889963,-871.843125,-871.802844,33.8,68.8,95.4,20.6,50.0,75.2,0.4887,0.3835,0.6405,1.006811,0.450914,0.344335,-33.441,-34.78999999999999,0.6744999999999948,-34.1155,-0.053,-0.053,0.030
80.9484,-869.127460521,-869.073721825,33.3,67.0,22.8,45.9,-869.126550,-869.071299,-869.029329,-871.888849,-871.843985,-871.802732,34.0,68.7,95.0,21.3,49.4,75.3,0.5194,0.3694,0.6470,0.940762,0.432996,0.367613,-33.839,-34.99799999999999,0.5794999999999959,-34.418499999999995,-0.055,-0.063,0.053
82.1566,-869.12653895,-869.074464369,33.9,66.6,23.2,45.6,-869.126170,-869.071063,-869.029749,-871.887503,-871.844097,-871.802486,34.3,68.8,94.8,22.1,49.4,75.5,0.5453,0.3611,0.6503,0.884817,0.423805,0.390805,-34.268,-35.25800000000001,0.49500000000000455,-34.763000000000005,-0.056,-0.070,0.073
83.3648,-869.125700974,-869.074622057,34.4,66.5,23.6,45.5,-869.126228,-869.070986,-869.030354,-871.886650,-871.844101,-871.802667,34.2,68.9,94.4,22.6,49.3,75.3,0.5637,0.3589,0.6506,0.844393,0.425172,0.412560,-34.73400000000001,-35.56800000000001,0.4170000000000016,-35.15100000000001,-0.056,-0.076,0.089
84.5730,-869.125455016,-869.074778159,34.6,66.4,23.7,45.5,-869.126010,-869.070638,-869.030488,-871.885967,-871.843500,-871.802724,34.4,69.1,94.3,23.1,49.7,75.3,0.5711,0.3632,0.6486,0.829187,0.438286,0.428108,-35.24199999999999,-35.917,0.3375000000000057,-35.579499999999996,-0.056,-0.079,0.097
85.7812,-869.125133159,-869.074416606,34.8,66.6,23.8,45.6,-869.125864,-869.070404,-869.030589,-871.885940,-871.842982,-871.803136,34.5,69.3,94.2,23.1,50.1,75.1,0.5689,0.3721,0.6456,0.835905,0.460335,0.437040,-35.79400000000001,-36.29900000000001,0.2524999999999977,-36.04650000000001,-0.055,-0.079,0.098
86.9893,-869.125048067,-869.074022754,34.8,66.8,23.9,45.8,-869.126148,-869.070587,-869.031067,-871.886958,-871.843039,-871.804323,34.3,69.1,93.9,22.5,50.0,74.3,0.5592,0.3843,0.6425,0.861591,0.487821,0.435940,-36.389999999999986,-36.70599999999999,0.15800000000000125,-36.54799999999999,-0.054,-0.078,0.090
88.1975,-869.125512991,-869.073951861,34.5,66.9,23.7,45.8,-869.127138,-869.071357,-869.032166,-871.889149,-871.843903,-871.806448,33.7,68.7,93.3,21.1,49.5,73.0,0.5434,0.3988,0.6400,0.903101,0.516187,0.423577,-37.025000000000006,-37.133999999999986,0.05449999999999022,-37.079499999999996,-0.052,-0.074,0.075
89.4057,-869.126763988,-869.074400589,33.7,66.6,23.1,45.6,-869.128076,-869.071936,-869.033101,-871.891467,-871.844731,-871.808550,33.1,68.3,92.7,19.6,49.0,71.7,0.5236,0.4149,0.6386,0.955872,0.540771,0.402663,-37.69300000000001,-37.581999999999994,-0.05550000000000921,-37.6375,-0.051,-0.068,0.055
90.6139,-869.12802067,-869.074623355,33.0,66.5,22.6,45.5,-869.128491,-869.071844,-869.033331,-871.893108,-871.844889,-871.809860,32.8,68.4,92.5,18.6,48.9,70.8,0.5016,0.4313,0.6380,1.014828,0.557280,0.376513,-38.383999999999986,-38.05000000000001,-0.16699999999998738,-38.217,-0.050,-0.061,0.031
91.8221,-869.128790125,-869.074160818,32.5,66.8,22.2,45.7,-869.128681,-869.071388,-869.033132,-871.894140,-871.844542,-871.810489,32.7,68.6,92.6,17.9,49.1,70.4,0.4788,0.4472,0.6377,1.075158,0.564264,0.348771,-39.08600000000001,-38.537000000000006,-0.2745000000000033,-38.81150000000001,-0.048,-0.054,0.007
93.0303,-869.12935872,-869.07333185,32.1,67.3,22.0,46.1,-869.128831,-869.070858,-869.032698,-871.894603,-871.843894,-871.810522,32.6,69.0,92.9,17.7,49.5,70.4,0.4584,0.4612,0.6380,1.127547,0.562471,0.325211,-39.785,-39.042,-0.3714999999999975,-39.4135,-0.046,-0.046,-0.016
94.2385,-869.129863821,-869.07245933,31.8,67.8,21.8,46.5,-869.129222,-869.070615,-869.032343,-871.894833,-871.843285,-871.810285,32.3,69.1,93.1,17.5,49.9,70.6,0.4411,0.4726,0.6384,1.168781,0.555060,0.307140,-40.46700000000001,-39.56299999999999,-0.4520000000000124,-40.015,-0.044,-0.038,-0.034
95.4466,-869.130559958,-869.071921115,31.4,68.2,21.5,46.7,-869.129736,-869.070632,-869.032078,-871.894866,-871.842807,-871.809845,32.0,69.1,93.3,17.5,50.2,70.8,0.4294,0.4799,0.6389,1.191838,0.546204,0.296280,-41.116000000000014,-40.101,-0.5075000000000074,-40.60850000000001,-0.042,-0.032,-0.047
96.6548,-869.131302091,-869.07173578,30.9,68.3,21.2,46.8,-869.130602,-869.071208,-869.032183,-871.895137,-871.842889,-871.809634,31.5,68.8,93.2,17.3,50.1,71.0,0.4241,0.4823,0.6403,1.196985,0.537815,0.291392,-41.71600000000001,-40.656000000000006,-0.5300000000000011,-41.18600000000001,-0.039,-0.026,-0.051
97.8630,-869.132263505,-869.072223216,30.3,68.0,20.8,46.6,-869.131971,-869.072596,-869.033056,-871.896016,-871.844003,-871.810083,30.6,67.9,92.7,16.8,49.4,70.7,0.4293,0.4768,0.6437,1.178119,0.530566,0.293588,-42.252999999999986,-41.23400000000001,-0.5094999999999885,-41.7435,-0.036,-0.021,-0.047
99.0712,-869.133638399,-869.07366454,29.4,67.1,20.2,45.9,-869.133495,-869.074347,-869.034160,-871.897067,-871.845620,-871.810757,29.7,66.8,92.0,16.1,48.4,70.3,0.4408,0.4668,0.6487,1.144795,0.522827,0.299342,-42.718999999999994,-41.846000000000004,-0.4364999999999952,-42.2825,-0.033,-0.018,-0.035
100.2794,-869.134993492,-869.075600454,28.6,65.9,19.6,45.1,-869.134494,-869.075739,-869.034952,-871.897523,-871.847071,-871.810968,29.0,65.9,91.5,15.8,47.5,70.1,0.4612,0.4503,0.6557,1.093360,0.511359,0.309099,-43.11099999999999,-42.50399999999999,-0.30349999999999966,-42.80749999999999,-0.029,-0.017,-0.016
101.4876,-869.135727843,-869.077317154,28.1,64.8,19.3,44.4,-869.134701,-869.076431,-869.035073,-871.896967,-871.847863,-871.810334,28.9,65.5,91.4,16.2,47.0,70.5,0.4865,0.4298,0.6634,1.031633,0.494190,0.321720,-43.43600000000001,-43.22300000000001,-0.10649999999999693,-43.32950000000001,-0.026,-0.017,0.008
102.6958,-869.135579506,-869.078420705,28.2,64.1,19.3,43.9,-869.133823,-869.076041,-869.034272,-871.895019,-871.847601,-871.808514,29.5,65.7,91.9,17.4,47.2,71.7,0.5152,0.4062,0.6715,0.963077,0.468550,0.334770,-43.70500000000001,-44.013000000000005,0.15399999999999636,-43.85900000000001,-0.024,-0.019,0.035
103.9039,-869.134304338,-869.078514352,29.0,64.0,19.9,43.9,-869.132145,-869.074709,-869.032866,-871.891945,-871.846505,-871.805841,30.5,66.6,92.8,19.3,47.8,73.4,0.5457,0.3815,0.6793,0.890142,0.435438,0.345627,-43.934,-44.881,0.47350000000000136,-44.4075,-0.022,-0.021,0.061
105.1121,-869.132199223,-869.077747986,30.3,64.5,20.8,44.2,-869.129475,-869.072383,-869.030597,-871.887848,-871.844331,-871.802199,32.2,68.0,94.2,21.9,49.2,75.6,0.5709,0.3601,0.6868,0.828795,0.399676,0.350392,-44.138000000000005,-45.822,0.8419999999999987,-44.980000000000004,-0.021,-0.024,0.084
106.3203,-869.129135135,-869.075922118,32.3,65.6,22.1,45.0,-869.126432,-869.069694,-869.028163,-871.883638,-871.841886,-871.798503,34.1,69.7,95.8,24.5,50.7,78.0,0.5901,0.3428,0.6936,0.779722,0.366507,0.348925,-44.331999999999994,-46.82499999999999,1.2464999999999975,-45.57849999999999,-0.021,-0.026,0.101
107.5285,-869.125767627,-869.073657319,34.4,67.1,23.5,45.9,-869.124000,-869.067732,-869.026524,-871.880629,-871.840317,-871.795974,35.6,70.9,96.8,26.4,51.7,79.5,0.6018,0.3315,0.6998,0.746871,0.340404,0.342285,-44.531000000000006,-47.87299999999999,1.6709999999999923,-46.202,-0.021,-0.027,0.110
108.7367,-869.123133209,-869.071984738,36.0,68.1,24.7,46.7,-869.122785,-869.067391,-869.026171,-871.879783,-871.840313,-871.795255,36.4,71.1,97.0,27.0,51.7,80.0,0.6015,0.3275,0.7057,0.740153,0.323589,0.330242,-44.745000000000005,-48.94200000000001,2.0985000000000014,-46.843500000000006,-0.022,-0.028,0.112
109.9449,-869.121941915,-869.0716298,36.8,68.3,25.2,46.8,-869.122986,-869.068496,-869.027320,-871.880914,-871.841995,-871.796499,36.3,70.5,96.3,26.2,50.7,79.2,0.5964,0.3297,0.7113,0.743004,0.313982,0.316046,-44.98599999999999,-50.010999999999996,2.512500000000003,-47.49849999999999,-0.023,-0.027,0.105
111.1531,-869.122293478,-869.072644603,36.6,67.7,25.0,46.4,-869.123898,-869.070516,-869.029082,-871.883317,-871.844459,-871.798689,35.7,69.2,95.2,24.7,49.1,77.8,0.5830,0.3396,0.7173,0.762834,0.310354,0.298434,-45.263000000000005,-51.06700000000001,2.902000000000001,-48.165000000000006,-0.025,-0.026,0.090
112.3612,-869.123564408,-869.074354398,35.8,66.6,24.5,45.6,-869.124914,-869.072673,-869.030757,-871.886014,-871.846819,-871.800927,35.1,67.8,94.1,23.0,47.6,76.4,0.5634,0.3567,0.7233,0.793386,0.310528,0.278878,-45.58600000000001,-52.105999999999995,3.259999999999991,-48.846000000000004,-0.026,-0.023,0.070
113.5694,-869.125112743,-869.076029068,34.8,65.6,23.8,44.9,-869.126018,-869.074736,-869.032253,-871.888659,-871.848874,-871.802970,34.4,66.5,93.2,21.4,46.4,75.2,0.5402,0.3787,0.7280,0.826939,0.313120,0.259597,-45.96100000000001,-53.126999999999995,3.5829999999999913,-49.544000000000004,-0.027,-0.020,0.047
114.7776,-869.126877121,-869.077520432,33.7,64.6,23.1,44.3,-869.126787,-869.076293,-869.033007,-871.890737,-871.849993,-871.804306,33.9,65.6,92.7,20.1,45.7,74.3,0.5125,0.4063,0.7310,0.864501,0.318536,0.241886,-46.391999999999996,-54.132999999999996,3.8705,-50.262499999999996,-0.028,-0.017,0.024
115.9858,-869.128352217,-869.078370393,32.7,64.1,22.4,43.9,-869.126953,-869.076911,-869.032868,-871.891787,-871.850054,-871.804716,33.8,65.2,92.8,19.4,45.6,74.1,0.4869,0.4344,0.7323,0.895252,0.325239,0.228564,-46.883999999999986,-55.123999999999995,4.1200000000000045,-51.00399999999999,-0.029,-0.014,0.003
117.1940,-869.129134013,-869.078348156,32.3,64.1,22.1,43.9,-869.126846,-869.076955,-869.032325,-871.892196,-871.849663,-871.804686,33.8,65.1,93.2,19.2,45.9,74.1,0.4681,0.4581,0.7327,0.914340,0.332296,0.220792,-47.43799999999999,-56.099000000000004,4.330500000000008,-51.768499999999996,-0.028,-0.011,-0.014
118.4022,-869.129483178,-869.077909836,32.0,64.4,21.9,44.1,-869.126501,-869.076610,-869.031460,-871.892128,-871.849055,-871.804308,34.1,65.4,93.7,19.2,46.2,74.3,0.4562,0.4755,0.7327,0.923140,0.338853,0.217725,-48.05500000000001,-57.053,4.498999999999995,-52.554,-0.027,-0.009,-0.024
119.6104,-869.129388713,-869.077261861,32.1,64.8,22.0,44.4,-869.126132,-869.076239,-869.030750,-871.891877,-871.848786,-871.803906,34.3,65.6,94.1,19.4,46.4,74.6,0.4562,0.4824,0.7342,0.917621,0.342386,0.219200,-48.73400000000001,-57.980999999999995,4.623499999999993,-53.3575,-0.025,-0.007,-0.028
120.8185,-869.129111267,-869.076818749,32.3,65.1,22.1,44.6,-869.125576,-869.075748,-869.029808,-871.891261,-871.848408,-871.803222,34.6,65.9,94.7,19.8,46.6,75.0,0.4600,0.4843,0.7358,0.906283,0.345951,0.223849,-49.47399999999999,-58.879999999999995,4.703000000000003,-54.17699999999999,-0.022,-0.006,-0.024
122.0267,-869.128407528,-869.076397561,32.7,65.4,22.4,44.8,-869.124794,-869.075238,-869.028909,-871.890154,-871.848161,-871.802133,35.1,66.2,95.3,20.4,46.8,75.7,0.4743,0.4759,0.7401,0.880798,0.344362,0.231777,-50.27000000000001,-59.756,4.742999999999995,-55.013000000000005,-0.019,-0.007,-0.014
123.2349,-869.127410112,-869.076135846,33.3,65.5,22.8,44.9,-869.123818,-869.074783,-869.027901,-871.888523,-871.847815,-871.800568,35.7,66.5,95.9,21.5,47.0,76.7,0.4926,0.4625,0.7453,0.847759,0.339013,0.241850,-51.114000000000004,-60.620999999999995,4.753499999999995,-55.8675,-0.016,-0.008,0.001
124.4431,-869.12611385,-869.076025881,34.2,65.6,23.4,44.9,-869.123037,-869.074806,-869.027230,-871.886735,-871.847802,-871.798940,36.2,66.5,96.4,22.6,47.0,77.7,0.5145,0.4436,0.7513,0.807496,0.328175,0.253703,-51.99600000000001,-61.491,4.747499999999995,-56.743500000000004,-0.013,-0.010,0.020
125.6513,-869.124949989,-869.076476413,34.9,65.3,23.9,44.7,-869.121703,-869.074568,-869.026170,-871.884072,-871.847485,-871.796540,37.1,66.6,97.0,24.3,47.2,79.2,0.5409,0.4199,0.7597,0.760143,0.309235,0.266192,-52.907,-62.393,4.743000000000002,-57.65,-0.012,-0.012,0.040
126.8595,-869.123196017,-869.076740208,36.0,65.1,24.7,44.6,-869.120038,-869.074177,-869.024953,-871.880858,-871.847142,-871.793769,38.1,66.9,97.8,26.3,47.4,80.9,0.5708,0.3914,0.7692,0.707787,0.282320,0.277656,-53.839,-63.345,4.753,-58.592,-0.011,-0.016,0.059
128.0677,-869.12104911,-869.076942314,37.3,65.0,25.6,44.5,-869.118349,-869.073818,-869.023911,-871.877561,-871.847149,-871.791146,39.2,67.1,98.4,28.4,47.4,82.6,0.6025,0.3592,0.7798,0.651962,0.249024,0.285776,-54.789,-64.373,4.792000000000002,-59.581,-0.012,-0.019,0.076
129.2758,-869.118835187,-869.077256383,38.7,64.8,26.5,44.4,-869.116342,-869.073139,-869.022761,-871.874099,-871.847220,-871.788590,40.4,67.5,99.2,30.5,47.4,84.2,0.6341,0.3262,0.7913,0.596061,0.213359,0.288407,-55.756,-65.493,4.868499999999997,-60.6245,-0.014,-0.023,0.089
130.4840,-869.116284533,-869.077280748,40.3,64.8,27.6,44.4,-869.115037,-869.073120,-869.022526,-871.871623,-871.848245,-871.787203,41.3,67.6,99.3,32.1,46.7,85.1,0.6616,0.2943,0.8017,0.543184,0.180148,0.285215,-56.736999999999995,-66.713,4.9879999999999995,-61.724999999999994,-0.016,-0.025,0.097
131.6922,-869.11448672,-869.077939106,41.4,64.4,28.4,44.1,-869.113962,-869.073511,-869.022704,-871.869899,-871.849697,-871.786533,41.9,67.3,99.2,33.2,45.8,85.5,0.6810,0.2672,0.8106,0.498865,0.152872,0.276518,-57.733000000000004,-68.033,5.149999999999999,-62.883,-0.019,-0.026,0.098
132.9004,-869.113078318,-869.078822397,42.3,63.8,29.0,43.7,-869.112808,-869.074121,-869.023002,-871.868679,-871.851195,-871.786218,42.6,66.9,99.0,33.9,44.9,85.7,0.6915,0.2470,0.8184,0.464742,0.132437,0.263238,-58.741,-69.444,5.3515000000000015,-64.0925,-0.022,-0.026,0.093
134.1086,-869.111842036,-869.079650837,43.1,63.3,29.5,43.4,-869.111674,-869.075211,-869.023523,-871.868117,-871.852848,-871.786268,43.4,66.2,98.7,34.3,43.9,85.6,0.6923,0.2359,0.8261,0.441260,0.117956,0.245326,-59.754000000000005,-70.939,5.592499999999994,-65.34649999999999,-0.024,-0.024,0.082
135.3168,-869.110980891,-869.080575283,43.6,62.7,29.9,43.0,-869.110147,-869.075992,-869.023846,-871.867419,-871.854021,-871.786110,44.3,65.8,98.5,34.7,43.1,85.7,0.6885,0.2308,0.8341,0.421622,0.106549,0.223782,-60.769999999999996,-72.505,5.8675,-66.63749999999999,-0.025,-0.020,0.069
136.5250,-869.109964615,-869.080960559,44.3,62.5,30.3,42.8,-869.108211,-869.076401,-869.023860,-871.866516,-871.854671,-871.785597,45.5,65.5,98.5,35.3,42.7,86.1,0.6802,0.2310,0.8425,0.404211,0.096757,0.198726,-61.782,-74.133,6.1754999999999995,-67.9575,-0.026,-0.015,0.054
137.7331,-869.108779743,-869.080741914,45.0,62.6,30.8,42.9,-869.105988,-869.076336,-869.023601,-871.865268,-871.854846,-871.784776,46.9,65.5,98.6,36.1,42.6,86.6,0.6730,0.2328,0.8518,0.384486,0.086414,0.172170,-62.790000000000006,-75.817,6.513499999999993,-69.3035,-0.024,-0.009,0.041
138.9413,-869.107358195,-869.079992341,45.9,63.1,31.5,43.2,-869.103609,-869.075853,-869.023058,-871.863583,-871.854708,-871.783663,48.4,65.8,99.0,37.1,42.7,87.3,0.6709,0.2326,0.8617,0.359869,0.074636,0.146386,-63.790000000000006,-77.552,6.881,-70.671,-0.021,-0.002,0.032
140.1495,-869.105694679,-869.078919384,47.0,63.8,32.2,43.7,-869.102072,-869.075888,-869.023119,-871.862220,-871.855278,-871.783168,49.4,65.8,98.9,38.0,42.3,87.6,0.6783,0.2251,0.8722,0.328336,0.061496,0.123125,-64.785,-79.33,7.272500000000001,-72.0575,-0.016,0.006,0.028
141.3577,-869.104615251,-869.078623929,47.6,64.0,32.6,43.8,-869.101176,-869.076313,-869.023421,-871.860847,-871.856259,-871.782918,49.9,65.6,98.7,38.8,41.7,87.7,0.6957,0.2098,0.8827,0.291011,0.048197,0.103012,-65.775,-81.141,7.683,-73.458,-0.010,0.013,0.029
142.5659,-869.103843709,-869.079018224,48.1,63.7,33.0,43.6,-869.100807,-869.076900,-869.023775,-871.859069,-871.857495,-871.782580,50.2,65.2,98.5,40.0,40.9,88.0,0.7249,0.1848,0.8927,0.247529,0.035599,0.086366,-66.766,-82.975,8.104499999999994,-74.87049999999999,-0.002,0.020,0.036
143.7741,-869.103273171,-869.079975157,48.5,63.1,33.2,43.2,-869.100659,-869.077672,-869.023825,-871.856835,-871.858667,-871.781848,50.3,64.7,98.5,40.2,41.4,88.4,0.7594,0.1537,0.9017,0.200937,0.024765,0.071425,-67.764,-84.819,8.527500000000003,-76.2915,0.007,0.027,0.048
144.9822,-869.102683302,-869.081330243,48.9,62.3,33.5,42.6,-869.100552,-869.078084,-869.023395,-871.853845,-871.859281,-871.780508,50.3,64.4,98.8,39.8,43.2,89.3,0.7999,0.1183,0.9103,0.153683,0.016183,0.058839,-68.773,-86.662,8.944500000000005,-77.7175,0.017,0.033,0.064
146.1904,-869.101719234,-869.082736175,49.5,61.4,33.9,42.0,-869.100380,-869.078280,-869.022474,-871.850449,-871.859520,-871.778655,50.4,64.3,99.3,39.7,45.4,90.4,0.8408,0.0832,0.9178,0.108345,0.009806,0.047153,-69.802,-88.507,9.3525,-79.15450000000001,0.026,0.039,0.082
147.3986,-869.100484343,-869.084135726,50.2,60.5,34.4,41.4,-869.099599,-869.077616,-869.020656,-871.846422,-871.858840,-871.775979,50.9,64.7,100.5,40.1,47.9,92.1,0.8789,0.0503,0.9244,0.067274,0.005394,0.036041,-70.858,-90.363,9.752499999999998,-80.6105,0.036,0.043,0.100
148.6068,-869.098362427,-869.084939263,51.6,60.0,35.3,41.1,-869.098196,-869.075992,-869.018085,-871.842174,-871.857239,-871.772722,51.8,65.8,102.1,41.1,50.6,94.1,0.9111,0.0230,0.9305,0.033150,0.002633,0.025214,-71.944,-92.242,10.149000000000001,-82.093,0.044,0.047,0.117
149.8150,-869.095299393,-869.085082815,53.5,59.9,36.6,41.0,-869.096585,-869.073820,-869.015283,-871.838595,-871.855103,-871.769453,52.8,67.1,103.8,42.4,52.8,96.2,0.9324,0.0059,0.9355,0.010470,0.001248,0.015462,-73.066,-94.14,10.536999999999999,-83.60300000000001,0.051,0.050,0.132
151.0232,-869.091873091,-869.084804607,55.6,60.1,38.1,41.2,-869.094892,-869.071190,-869.012519,-871.835952,-871.852465,-871.766410,53.9,68.8,105.6,44.1,54.5,98.1,0.9422,-0.0003,0.9392,0.000508,0.000695,0.007521,-74.218,-96.022,10.902000000000001,-85.12,0.056,0.051,0.144
