model,C5=C6,C6-C7,C7=C8,C8-C9,C9=C10,C10-C11,C11=C12,C12-C13,C13=C14,C14-C15,C15=N,BLA
KR2WT,1.364,1.483,1.355,1.472,1.363,1.452,1.358,1.458,1.368,1.432,1.294,0.109
P219A,1.364,1.483,1.355,1.472,1.363,1.452,1.357,1.457,1.367,1.431,1.293,0.109
P219C,1.364,1.483,1.355,1.472,1.363,1.452,1.358,1.457,1.368,1.431,1.294,0.109
P219D,1.364,1.484,1.355,1.472,1.363,1.452,1.358,1.457,1.369,1.431,1.294,0.109
P219E,1.365,1.483,1.355,1.472,1.363,1.451,1.357,1.457,1.367,1.431,1.294,0.108
P219F,1.364,1.482,1.355,1.471,1.363,1.451,1.357,1.456,1.368,1.430,1.294,0.108
P219G,1.364,1.483,1.355,1.471,1.363,1.452,1.358,1.457,1.368,1.431,1.293,0.108
P219H,1.363,1.482,1.355,1.471,1.363,1.451,1.358,1.456,1.368,1.431,1.294,0.108
P219I,1.363,1.481,1.355,1.472,1.362,1.451,1.357,1.457,1.367,1.431,1.294,0.109
P219K,1.364,1.483,1.355,1.472,1.363,1.451,1.358,1.457,1.368,1.431,1.294,0.108
P219L,1.364,1.480,1.354,1.470,1.362,1.449,1.357,1.454,1.367,1.428,1.293,0.107
P219M,1.363,1.482,1.355,1.472,1.362,1.451,1.358,1.456,1.368,1.430,1.294,0.108
P219N,1.363,1.483,1.356,1.472,1.363,1.452,1.358,1.457,1.368,1.431,1.294,0.109
P219Q,1.363,1.482,1.355,1.471,1.363,1.451,1.358,1.457,1.368,1.431,1.294,0.108
P219R,1.361,1.485,1.356,1.473,1.362,1.453,1.358,1.457,1.369,1.428,1.293,0.109
P219S,1.364,1.482,1.355,1.471,1.363,1.451,1.358,1.457,1.368,1.431,1.294,0.108
P219T,1.364,1.483,1.355,1.471,1.363,1.452,1.358,1.457,1.368,1.431,1.294,0.108
P219V,1.365,1.483,1.355,1.472,1.363,1.451,1.358,1.455,1.370,1.429,1.294,0.107
P219W,1.365,1.483,1.356,1.471,1.364,1.452,1.359,1.457,1.369,1.431,1.294,0.108
P219Y,1.364,1.483,1.355,1.471,1.363,1.451,1.357,1.457,1.367,1.430,1.293,0.108
