"Time Scaled","S0 CASSCF 2R","S1 CASSCF 2R","S0 CASSCF 2R Scaled","S1 CASSCF 2R Scaled","S0 CASSCF 2R Scaled CASPT2","S1 CASSCF 2R Scaled CASPT2","S0 CASSCF Energy","S1 CASSCF Energy","S2 CASSCF Energy","S0 CASPT2 Energy","S1 CASPT2 Energy","S2 CASPT2 Energy","Scaled S0 CASSCF Energy","Scaled S1 CASSCF Energy","Scaled S2 CASSCF Energy","Scaled S0 CASPT2 Energy","Scaled S1 CASPT2 Energy","Scaled S2 CASPT2 Energy",,"S0 Mulliken Charge","S1 Mulliken Charge","S2 Mulliken Charge","Oscillator Strength S0S1","Oscillator Strength S0S2","Oscillator Strength S1S2","Reactive TORS","Reactive HOOP","HOOP in phase","TAU overlap","full-BLA","beta-BLA","rpsb-BLA"
0,-869.174745087,-869.059969384,0,72,0,50.9,-869.174411,-869.059013,-869.029902,-871.918923,-871.837359,-871.801957,0,72.4,90.7,0,51.2,73.4,51.2,0.5452,0.2727,0.5213,1.493346,0.290145,0.024033,-15.783,-8.684,-3.54949999999999,-12.2335,0.089,0.093,0.101
1.1895,-869.17471498,-869.060876538,0,71.5,0,50.5,-869.174097,-869.061239,-869.033735,-871.919529,-871.839205,-871.805519,0.2,71,88.3,-0.4,50,71.2,50.4,0.5356,0.2717,0.5228,1.538838,0.269889,0.023764,-15.788,-8.738,-3.52500000000001,-12.263,0.082,0.085,0.09
2.3789,-869.17436022,-869.063177538,0.2,70,0.2,49.5,-869.173186,-869.064047,-869.03912,-871.920207,-871.841609,-871.810676,0.8,69.3,84.9,-0.8,48.5,67.9,49.3,0.5199,0.2698,0.5256,1.617153,0.231402,0.021731,-15.798,-8.827,-3.4855,-12.3125,0.069,0.074,0.074
3.5684,-869.173407471,-869.066123646,0.8,68.2,0.6,48.2,-869.170853,-869.06605,-869.044227,-871.919999,-871.843329,-871.81597,2.2,68,81.7,-0.7,47.4,64.6,48.1,0.4993,0.267,0.5316,1.731799,0.166561,0.01606,-15.814,-8.952,-3.431,-12.383,0.054,0.059,0.053
4.7578,-869.17094104,-869.068371293,2.4,66.8,1.7,47.2,-869.167387,-869.067242,-869.048528,-871.919161,-871.844257,-871.820954,4.4,67.2,79,-0.1,46.9,61.5,47,0.4752,0.2646,0.5397,1.874558,0.078979,0.006978,-15.84,-9.118,-3.361,-12.479,0.036,0.042,0.031
5.9473,-869.16738606,-869.069872638,4.6,65.8,3.3,46.5,-869.163045,-869.067655,-869.051189,-871.917613,-871.8442,-871.824919,7.1,67,77.3,0.8,46.9,59,46.1,0.4509,0.2662,0.5482,1.989264,0.01364,0.000512,-15.878,-9.32499999999999,-3.2765,-12.6015,0.018,0.024,0.009
7.1368,-869.162944142,-869.070689822,7.4,65.3,5.2,46.2,-869.157629,-869.06771,-869.050865,-871.914932,-871.842896,-871.826551,10.5,67,77.5,2.5,47.7,58,45.2,0.4248,0.2843,0.5428,1.973454,0.072286,0.010404,-15.93,-9.57599999999999,-3.17700000000001,-12.753,-0.001,0.006,-0.01
8.3262,-869.157570293,-869.070763525,10.8,65.2,7.6,46.1,-869.151605,-869.067917,-869.047826,-871.911345,-871.841799,-871.825289,14.3,66.8,79.4,4.8,48.4,58.8,43.6,0.4006,0.3126,0.5288,1.823067,0.248858,0.043996,-15.998,-9.87100000000001,-3.06349999999999,-12.9345,-0.019,-0.013,-0.026
9.5157,-869.151743517,-869.070666895,14.4,65.3,10.2,46.2,-869.145211,-869.068154,-869.042629,-871.906908,-871.841071,-871.821335,18.3,66.7,82.7,7.5,48.9,61.2,41.4,0.3783,0.3378,0.519,1.663658,0.414897,0.094615,-16.085,-10.21,-2.9375,-13.1475,-0.037,-0.032,-0.037
10.7051,-869.145617874,-869.070505815,18.3,65.4,12.9,46.2,-869.139084,-869.068498,-869.036594,-871.902204,-871.840514,-871.816021,22.2,66.5,86.5,10.5,49.2,64.6,38.7,0.3605,0.3546,0.5167,1.543146,0.518472,0.157226,-16.191,-10.588,-2.8015,-13.3895,-0.053,-0.05,-0.042
11.8946,-869.139768338,-869.07054271,21.9,65.4,15.5,46.2,-869.133127,-869.068355,-869.030218,-871.897206,-871.839463,-871.809946,25.9,66.6,90.5,13.6,49.9,68.4,36.3,0.3498,0.3633,0.5192,1.457666,0.563901,0.22617,-16.314,-10.996,-2.65899999999999,-13.655,-0.066,-0.067,-0.04
13.0841,-869.134054982,-869.070213817,25.5,65.6,18,46.4,-869.127916,-869.067919,-869.024531,-871.892561,-871.838183,-871.804142,29.2,66.8,94.1,16.5,50.7,72,34.2,0.3485,0.3647,0.5248,1.391171,0.570969,0.29395,-16.454,-11.426,-2.51400000000001,-13.94,-0.077,-0.082,-0.032
14.2735,-869.128996476,-869.069732272,28.7,65.9,20.3,46.6,-869.1238,-869.067207,-869.020155,-871.888681,-871.836874,-871.799278,31.8,67.3,96.8,19,51.5,75.1,32.5,0.3574,0.3593,0.5326,1.335532,0.555306,0.347802,-16.606,-11.866,-2.36999999999999,-14.236,-0.083,-0.094,-0.017
15.463,-869.124846208,-869.069160549,31.3,66.3,22.1,46.8,-869.121094,-869.066305,-869.017447,-871.885907,-871.835746,-871.795821,33.5,67.8,98.5,20.7,52.2,77.2,31.5,0.3742,0.3474,0.5409,1.288139,0.5317,0.380779,-16.769,-12.302,-2.23350000000001,-14.5355,-0.085,-0.101,0.003
16.6525,-869.121948638,-869.068548997,33.1,66.6,23.4,47.1,-869.12019,-869.065525,-869.016844,-871.884557,-871.835093,-871.794291,34,68.3,98.9,21.6,52.6,78.2,31,0.3975,0.3334,0.5497,1.244185,0.513378,0.396036,-16.939,-12.722,-2.10849999999999,-14.8305,-0.083,-0.104,0.025
17.8419,-869.120694612,-869.068179237,33.9,66.9,24,47.3,-869.121276,-869.065103,-869.018366,-871.884791,-871.834974,-871.794903,33.3,68.6,97.9,21.4,52.7,77.8,31.3,0.4211,0.3222,0.5554,1.206785,0.510409,0.397491,-17.117,-13.119,-1.999,-15.118,-0.078,-0.102,0.048
19.0314,-869.121368505,-869.068160338,33.5,66.9,23.7,47.3,-869.123942,-869.064953,-869.021453,-871.886308,-871.835084,-871.797269,31.7,68.7,96,20.5,52.6,76.3,32.1,0.4397,0.3173,0.5562,1.182576,0.526342,0.386364,-17.301,-13.484,-1.90849999999999,-15.3925,-0.069,-0.096,0.068
20.2208,-869.123685007,-869.068270459,32,66.8,22.6,47.2,-869.127906,-869.065227,-869.025732,-871.888961,-871.83541,-871.800988,29.2,68.5,93.3,18.8,52.4,74,33.6,0.4513,0.3187,0.5527,1.176109,0.555101,0.360061,-17.494,-13.807,-1.84350000000001,-15.6505,-0.058,-0.085,0.083
21.4103,-869.127445437,-869.068606824,29.7,66.6,21,47.1,-869.132767,-869.065858,-869.030772,-871.89247,-871.835933,-871.805544,26.1,68.1,90.1,16.6,52.1,71.1,35.5,0.4568,0.3237,0.5475,1.191725,0.583303,0.317338,-17.696,-14.082,-1.807,-15.889,-0.046,-0.073,0.091
22.5998,-869.132231956,-869.069181074,26.7,66.2,18.9,46.8,-869.137882,-869.066644,-869.035883,-871.8964,-871.836595,-871.810218,22.9,67.6,86.9,14.1,51.7,68.2,37.6,0.4569,0.3271,0.5436,1.237509,0.590562,0.261798,-17.912,-14.303,-1.8045,-16.1075,-0.035,-0.059,0.092
23.7892,-869.137362732,-869.069874045,23.5,65.8,16.6,46.5,-869.142886,-869.06759,-869.04066,-871.900543,-871.83763,-871.814642,19.8,67,83.9,11.5,51,65.4,39.5,0.453,0.3263,0.5437,1.319959,0.55958,0.201989,-18.144,-14.467,-1.8385,-16.3055,-0.026,-0.045,0.086
24.9787,-869.142418853,-869.070781859,20.3,65.2,14.3,46.1,-869.14729,-869.068541,-869.044557,-871.904533,-871.839013,-871.818416,17,66.4,81.5,9,50.1,63.1,41.1,0.4463,0.3206,0.5481,1.438846,0.485511,0.146074,-18.395,-14.574,-1.9105,-16.4845,-0.018,-0.031,0.073
26.1681,-869.146899718,-869.071744951,17.5,64.6,12.4,45.7,-869.150742,-869.069395,-869.047199,-871.907964,-871.840634,-871.821249,14.9,65.9,79.8,6.9,49.1,61.3,42.2,0.4377,0.3123,0.5547,1.579183,0.382214,0.100768,-18.663,-14.629,-2.01700000000001,-16.646,-0.012,-0.019,0.056
27.3576,-869.150460037,-869.072630551,15.2,64.1,10.8,45.3,-869.152833,-869.069776,-869.048218,-871.910321,-871.841926,-871.822815,13.5,65.7,79.2,5.4,48.3,60.3,42.9,0.4283,0.3065,0.5596,1.714236,0.277842,0.067923,-18.948,-14.64,-2.15400000000001,-16.794,-0.008,-0.008,0.036
28.5471,-869.152719311,-869.072962809,13.8,63.9,9.8,45.1,-869.153848,-869.069812,-869.047997,-871.911708,-871.842755,-871.823405,12.9,65.6,79.3,4.5,47.8,59.9,43.3,0.418,0.3047,0.56,1.82367,0.19451,0.046508,-19.246,-14.617,-2.31450000000001,-16.9315,-0.005,0.001,0.016
29.7365,-869.153941769,-869.072839495,13.1,63.9,9.2,45.2,-869.15407,-869.069503,-869.046989,-871.912218,-871.842977,-871.823227,12.8,65.8,80,4.2,47.7,60.1,43.5,0.4088,0.3066,0.5572,1.901789,0.13769,0.033659,-19.555,-14.571,-2.492,-17.063,-0.003,0.008,-0.001
30.926,-869.15436834,-869.072322539,12.8,64.3,9,45.4,-869.153743,-869.068852,-869.045588,-871.911981,-871.84256,-871.822451,13,66.2,80.8,4.4,47.9,60.5,43.5,0.4022,0.3094,0.5528,1.954681,0.10131,0.025998,-19.869,-14.508,-2.68049999999999,-17.1885,-0.001,0.014,-0.014
32.1154,-869.154206749,-869.071475537,12.9,64.8,9.1,45.8,-869.153217,-869.068041,-869.044229,-871.911383,-871.841801,-871.821453,13.3,66.7,81.7,4.7,48.4,61.2,43.7,0.3982,0.3123,0.5486,1.989038,0.078479,0.021192,-20.187,-14.435,-2.876,-17.311,0.001,0.018,-0.021
33.3049,-869.153793927,-869.070513985,13.1,65.4,9.3,46.2,-869.152679,-869.067155,-869.043164,-871.910669,-871.840919,-871.820474,13.6,67.3,82.4,5.2,48.9,61.8,43.7,0.3987,0.3125,0.5463,2.010224,0.063508,0.017686,-20.505,-14.357,-3.074,-17.431,0.004,0.021,-0.022
34.4944,-869.153303442,-869.069552314,13.5,66,9.5,46.7,-869.152236,-869.066272,-869.042473,-871.910042,-871.840108,-871.819697,13.9,67.9,82.8,5.6,49.5,62.3,43.9,0.4021,0.3104,0.5455,2.021864,0.05305,0.014733,-20.821,-14.281,-3.27,-17.551,0.006,0.023,-0.017
35.6838,-869.152847493,-869.06866316,13.7,66.6,9.7,47.1,-869.152232,-869.06572,-869.042512,-871.909919,-871.839807,-871.819536,13.9,68.2,82.8,5.7,49.6,62.4,43.9,0.4093,0.3058,0.5476,2.025097,0.045915,0.012259,-21.131,-14.212,-3.45950000000001,-17.6715,0.009,0.023,-0.008
36.8733,-869.152770409,-869.068183949,13.8,66.9,9.7,47.3,-869.152394,-869.065268,-869.04294,-871.90999,-871.839723,-871.819681,13.8,68.5,82.5,5.6,49.7,62.3,44.1,0.4185,0.2996,0.5508,2.02174,0.041126,0.010223,-21.436,-14.157,-3.6395,-17.7965,0.012,0.023,0.005
38.0627,-869.152825645,-869.067847259,13.8,67.1,9.7,47.4,-869.152558,-869.064848,-869.043549,-871.910034,-871.839664,-871.819913,13.7,68.8,82.1,5.6,49.7,62.1,44.1,0.4278,0.2926,0.5547,2.013289,0.038956,0.008882,-21.732,-14.121,-3.80549999999999,-17.9265,0.014,0.022,0.02
39.2522,-869.152861354,-869.067572538,13.7,67.3,9.7,47.5,-869.15289,-869.064718,-869.044503,-871.910192,-871.839781,-871.820387,13.5,68.8,81.5,5.5,49.7,61.8,44.2,0.4362,0.2856,0.5589,1.999909,0.040502,0.008513,-22.019,-14.111,-3.95400000000001,-18.065,0.016,0.02,0.035
40.4417,-869.153058584,-869.067602177,13.6,67.2,9.6,47.5,-869.153308,-869.064944,-869.045735,-871.910394,-871.840024,-871.821082,13.2,68.7,80.7,5.4,49.5,61.4,44.1,0.4425,0.2805,0.5624,1.981164,0.048146,0.009549,-22.296,-14.137,-4.0795,-18.2165,0.016,0.017,0.048
41.6311,-869.153347831,-869.067985685,13.4,67,9.5,47.4,-869.153676,-869.065477,-869.047082,-871.91057,-871.840314,-871.821907,13,68.4,79.9,5.2,49.3,60.9,44.1,0.446,0.2774,0.5652,1.953147,0.066781,0.012964,-22.562,-14.206,-4.17800000000001,-18.384,0.015,0.013,0.058
42.8206,-869.153599474,-869.068664329,13.3,66.6,9.4,47,-869.153715,-869.066228,-869.048249,-871.910577,-871.84057,-871.822715,13,67.9,79.2,5.2,49.2,60.4,44,0.4466,0.2784,0.5663,1.908822,0.103939,0.020451,-22.818,-14.328,-4.245,-18.573,0.012,0.007,0.065
44.0101,-869.153547871,-869.069519568,13.3,66,9.4,46.7,-869.153319,-869.067262,-869.049069,-871.910445,-871.840957,-871.823473,13.2,67.2,78.7,5.3,48.9,59.9,43.6,0.4446,0.2846,0.5647,1.839332,0.167978,0.034773,-23.064,-14.516,-4.274,-18.79,0.007,0.001,0.066
45.1995,-869.153106608,-869.070577264,13.6,65.4,9.6,46.2,-869.152056,-869.068346,-869.048952,-871.909791,-871.841309,-871.823602,14,66.6,78.7,5.7,48.7,59.8,43,0.4388,0.2968,0.5593,1.745657,0.257707,0.058409,-23.301,-14.778,-4.2615,-19.0395,0,-0.007,0.063
46.389,-869.151864517,-869.071567526,14.4,64.7,10.1,45.8,-869.149669,-869.069301,-869.047533,-871.908378,-871.841619,-871.822649,15.5,66,79.6,6.6,48.5,60.4,41.9,0.4299,0.3122,0.5523,1.640462,0.357337,0.092567,-23.529,-15.121,-4.20399999999999,-19.325,-0.01,-0.016,0.057
47.5784,-869.1495704,-869.072330622,15.8,64.3,11.2,45.4,-869.145734,-869.069623,-869.044226,-871.90571,-871.841411,-871.819879,18,65.8,81.7,8.3,48.6,62.2,40.3,0.4176,0.3285,0.5467,1.546145,0.443377,0.135853,-23.75,-15.542,-4.104,-19.646,-0.021,-0.027,0.047
48.7679,-869.145806623,-869.072406163,18.2,64.2,12.8,45.4,-869.140944,-869.069765,-869.03977,-871.902294,-871.841021,-871.815886,21,65.7,84.5,10.4,48.9,64.7,38.5,0.403,0.342,0.5448,1.472963,0.501684,0.18561,-23.96,-16.037,-3.9615,-19.9985,-0.034,-0.04,0.035
49.9574,-869.141231875,-869.07230126,21,64.3,14.9,45.4,-869.135485,-869.069401,-869.034344,-871.898176,-871.840185,-871.810855,24.4,65.9,87.9,13,49.4,67.8,36.4,0.3892,0.3528,0.5458,1.414261,0.5342,0.23985,-24.156,-16.597,-3.7795,-20.3765,-0.047,-0.053,0.024
51.1468,-869.136033631,-869.071721886,24.3,64.6,17.2,45.7,-869.129694,-869.068483,-869.028328,-871.893573,-871.838822,-871.805168,28.1,66.5,91.7,15.9,50.3,71.4,34.4,0.3775,0.3608,0.549,1.368044,0.54386,0.295585,-24.33,-17.212,-3.55900000000001,-20.771,-0.06,-0.067,0.014
52.3363,-869.130532259,-869.070612472,27.7,65.3,19.6,46.2,-869.12436,-869.06738,-869.022659,-871.889181,-871.837348,-871.799792,31.4,67.2,95.2,18.7,51.2,74.8,32.5,0.3704,0.3658,0.5536,1.329322,0.53835,0.34914,-24.477,-17.873,-3.30200000000001,-21.175,-0.072,-0.079,0.009
53.5257,-869.125433433,-869.069374777,30.9,66.1,21.9,46.7,-869.120147,-869.066475,-869.018251,-871.885709,-871.836289,-871.795621,34.1,67.7,98,20.8,51.9,77.4,31.1,0.371,0.3673,0.5588,1.294092,0.523771,0.396961,-24.593,-18.571,-3.011,-21.582,-0.08,-0.09,0.008
54.7152,-869.121364558,-869.068432648,33.5,66.7,23.7,47.2,-869.117614,-869.066105,-869.01573,-871.883645,-871.835952,-871.793252,35.6,68,99.6,22.1,52.1,78.9,30,0.3776,0.3649,0.5641,1.264161,0.507802,0.432003,-24.676,-19.293,-2.69149999999999,-21.9845,-0.086,-0.098,0.012
55.9047,-869.118815685,-869.068142677,35.1,66.9,24.8,47.3,-869.116452,-869.065863,-869.014934,-871.882698,-871.835993,-871.792459,36.4,68.1,100.1,22.7,52,79.4,29.3,0.3915,0.3591,0.5701,1.236756,0.495735,0.452157,-24.729,-20.03,-2.34950000000001,-22.3795,-0.087,-0.102,0.02
57.0941,-869.117470809,-869.068114371,35.9,66.9,25.4,47.3,-869.116794,-869.065862,-869.015915,-871.882975,-871.836399,-871.793327,36.2,68.1,99.5,22.6,51.8,78.8,29.2,0.4072,0.3529,0.5749,1.215997,0.494201,0.454875,-24.755,-20.769,-1.993,-22.762,-0.085,-0.103,0.032
58.2836,-869.117538237,-869.068375597,35.9,66.7,25.4,47.2,-869.118553,-869.066114,-869.018472,-871.884389,-871.836992,-871.795729,35.1,68,97.9,21.7,51.4,77.3,29.7,0.42,0.3491,0.5765,1.206875,0.507273,0.439174,-24.761,-21.494,-1.6335,-23.1275,-0.079,-0.1,0.044
59.473,-869.118994974,-869.068832075,35,66.5,24.7,47,-869.12146,-869.066507,-869.022333,-871.886699,-871.83767,-871.799332,33.2,67.7,95.4,20.2,51,75,30.8,0.4302,0.3479,0.5745,1.207389,0.531559,0.407905,-24.754,-22.188,-1.283,-23.471,-0.071,-0.093,0.055
60.6625,-869.121667592,-869.069356992,33.3,66.1,23.5,46.7,-869.125193,-869.066967,-869.026962,-871.889653,-871.838235,-871.803692,30.9,67.4,92.5,18.4,50.6,72.3,32.2,0.4343,0.3497,0.5696,1.22556,0.559884,0.359148,-24.738,-22.835,-0.951499999999996,-23.7865,-0.06,-0.083,0.064
61.852,-869.125248312,-869.069823535,31.1,65.8,22,46.5,-869.129201,-869.067178,-869.031688,-871.892775,-871.838486,-871.808133,28.4,67.3,89.6,16.4,50.5,69.5,34.1,0.4348,0.3515,0.5634,1.263171,0.578051,0.29876,-24.72,-23.419,-0.650499999999994,-24.0695,-0.049,-0.071,0.068
63.0414,-869.129186318,-869.069971112,28.6,65.7,20.2,46.5,-869.133434,-869.067341,-869.036336,-871.896126,-871.838792,-871.812545,25.7,67.2,86.6,14.3,50.3,66.8,36,0.4331,0.3515,0.5574,1.323156,0.571895,0.23459,-24.704,-23.93,-0.387,-24.317,-0.039,-0.058,0.068
64.2309,-869.133402893,-869.070067172,25.9,65.7,18.3,46.4,-869.137781,-869.067656,-869.040666,-871.899703,-871.839443,-871.816763,23,67,83.9,12.1,49.9,64.1,37.8,0.4302,0.3481,0.5541,1.40962,0.531131,0.174478,-24.693,-24.359,-0.167000000000002,-24.526,-0.029,-0.045,0.063
65.4203,-869.137761796,-869.070347197,23.2,65.5,16.4,46.3,-869.14179,-869.068004,-869.044113,-871.903107,-871.840364,-871.820252,20.5,66.8,81.8,9.9,49.3,61.9,39.4,0.4263,0.3415,0.5544,1.51743,0.457623,0.125684,-24.69,-24.699,0.004500000000007,-24.6945,-0.02,-0.032,0.054
66.6098,-869.141812753,-869.070708261,20.7,65.3,14.6,46.1,-869.145204,-869.068355,-869.046455,-871.906071,-871.841429,-871.822786,18.3,66.6,80.3,8.1,48.6,60.3,40.5,0.4215,0.3337,0.5569,1.634338,0.365645,0.089559,-24.697,-24.947,0.125,-24.822,-0.014,-0.02,0.042
67.7993,-869.14529671,-869.071082791,18.5,65,13.1,46,-869.147351,-869.068181,-869.047051,-871.907831,-871.841883,-871.823646,17,66.7,79.9,7,48.3,59.8,41.3,0.4151,0.3283,0.5598,1.740828,0.277788,0.065731,-24.714,-25.103,0.194500000000005,-24.9085,-0.009,-0.01,0.027
68.9887,-869.147563664,-869.070885704,17.1,65.2,12.1,46.1,-869.14859,-869.067798,-869.046505,-871.908644,-871.841835,-871.823354,16.2,66.9,80.3,6.5,48.4,60,41.9,0.4068,0.3259,0.5603,1.821254,0.211527,0.052078,-24.739,-25.17,0.215499999999992,-24.9545,-0.006,-0.001,0.011
70.1782,-869.148958115,-869.070412705,16.2,65.5,11.4,46.3,-869.149115,-869.067309,-869.045203,-871.908716,-871.841349,-871.822269,15.9,67.2,81.1,6.4,48.7,60.7,42.3,0.3975,0.3272,0.5591,1.871787,0.171817,0.046368,-24.771,-25.158,0.1935,-24.9645,-0.004,0.006,-0.003
71.3677,-869.149661941,-869.069784017,15.7,65.9,11.1,46.6,-869.149045,-869.066692,-869.043457,-871.908158,-871.840414,-871.82065,15.9,67.6,82.2,6.8,49.3,61.7,42.5,0.3879,0.3311,0.5564,1.897943,0.153927,0.046042,-24.806,-25.08,0.137,-24.943,-0.003,0.011,-0.015
72.5571,-869.149762413,-869.069001161,15.7,66.4,11.1,46.9,-869.148479,-869.06593,-869.041575,-871.907163,-871.839191,-871.818779,16.3,68.1,83.4,7.4,50,62.8,42.6,0.3803,0.3358,0.554,1.902194,0.153882,0.049796,-24.839,-24.955,0.058000000000007,-24.897,-0.003,0.014,-0.022
73.7466,-869.149334736,-869.06810333,15.9,66.9,11.3,47.3,-869.147604,-869.06516,-869.039876,-871.906026,-871.837968,-871.817015,16.8,68.6,84.4,8.1,50.8,63.9,42.7,0.3769,0.3404,0.5534,1.886678,0.16881,0.05659,-24.87,-24.799,-0.035499999999999,-24.8345,-0.003,0.015,-0.023
74.936,-869.148531733,-869.067260835,16.4,67.4,11.6,47.7,-869.147297,-869.065276,-869.039298,-871.905713,-871.837752,-871.816342,17,68.5,84.8,8.3,50.9,64.4,42.6,0.3783,0.3442,0.5552,1.850629,0.198314,0.066501,-24.895,-24.628,-0.133500000000012,-24.7615,-0.004,0.013,-0.017
76.1255,-869.148229569,-869.067378996,16.6,67.4,11.8,47.6,-869.147264,-869.066021,-869.039549,-871.9059,-871.838279,-871.816459,17,68,84.6,8.2,50.6,64.3,42.4,0.3855,0.3469,0.5592,1.792349,0.242503,0.080139,-24.916,-24.454,-0.230999999999995,-24.685,-0.006,0.009,-0.006
77.315,-869.148125258,-869.068205112,16.7,66.9,11.8,47.3,-869.14688,-869.066829,-869.039897,-871.905844,-871.838888,-871.816623,17.3,67.5,84.4,8.2,50.2,64.2,42,0.3973,0.3486,0.564,1.712829,0.299604,0.098578,-24.937,-24.288,-0.3245,-24.6125,-0.008,0.002,0.01
78.5044,-869.147599304,-869.06914913,17,66.3,12,46.8,-869.145784,-869.067407,-869.039831,-871.905058,-871.839172,-871.816298,18,67.1,84.5,8.7,50,64.4,41.3,0.4108,0.3503,0.5674,1.617744,0.364389,0.122662,-24.963,-24.137,-0.412999999999997,-24.55,-0.01,-0.006,0.029
79.6939,-869.146312207,-869.069878749,17.8,65.8,12.6,46.5,-869.14387,-869.067666,-869.039129,-871.903378,-871.839048,-871.815237,19.2,67,84.9,9.8,50.1,65.1,40.3,0.4251,0.3513,0.5688,1.514333,0.428683,0.153243,-25.001,-24.005,-0.498000000000005,-24.503,-0.014,-0.016,0.048
80.8833,-869.144202361,-869.070294238,19.2,65.5,13.5,46.3,-869.141508,-869.067944,-869.038012,-871.901208,-871.838884,-871.813706,20.6,66.8,85.6,11.1,50.2,66,39.1,0.4375,0.3513,0.5688,1.416062,0.482159,0.188743,-25.058,-23.897,-0.580500000000001,-24.4775,-0.019,-0.027,0.064
82.0728,-869.141659343,-869.070710301,20.8,65.3,14.7,46.1,-869.138629,-869.068086,-869.03634,-871.898584,-871.838599,-871.811622,22.5,66.7,86.6,12.8,50.4,67.3,37.6,0.4463,0.3495,0.5685,1.334681,0.517337,0.226469,-25.14,-23.812,-0.663999999999987,-24.476,-0.025,-0.039,0.077
83.2623,-869.138632283,-869.070963768,22.7,65.1,16,46,-869.135651,-869.068315,-869.034471,-871.896049,-871.838592,-871.809462,24.3,66.6,87.8,14.4,50.4,68.7,36,0.4516,0.3461,0.5686,1.271487,0.535159,0.264828,-25.25,-23.751,-0.749499999999998,-24.5005,-0.032,-0.051,0.084
84.4517,-869.135548161,-869.071306311,24.6,64.9,17.4,45.9,-869.132878,-869.068729,-869.032685,-871.894091,-871.839102,-871.807734,26.1,66.3,88.9,15.6,50.1,69.8,34.5,0.4534,0.3417,0.5692,1.227628,0.539294,0.3009,-25.389,-23.712,-0.83850000000001,-24.5505,-0.04,-0.063,0.085
85.6412,-869.132706596,-869.071814411,26.4,64.6,18.6,45.7,-869.130456,-869.069334,-869.031018,-871.89278,-871.840022,-871.806451,27.6,65.9,90,16.4,49.5,70.6,33.1,0.4511,0.3377,0.5702,1.202885,0.535527,0.332393,-25.556,-23.691,-0.932500000000004,-24.6235,-0.048,-0.073,0.079
86.8306,-869.130283038,-869.072463992,27.9,64.2,19.7,45.4,-869.128481,-869.070063,-869.029591,-871.892158,-871.84124,-871.805766,28.8,65.5,90.9,16.8,48.7,71,31.9,0.4448,0.336,0.5703,1.193576,0.53037,0.358514,-25.746,-23.688,-1.02900000000001,-24.717,-0.056,-0.081,0.068
88.0201,-869.128375683,-869.073164041,29.1,63.7,20.6,45.1,-869.126492,-869.070353,-869.027974,-871.891539,-871.841995,-871.80505,30.1,65.3,91.9,17.2,48.3,71.5,31.1,0.4343,0.3371,0.5697,1.197808,0.5277,0.378762,-25.956,-23.702,-1.127,-24.829,-0.064,-0.088,0.053
89.2096,-869.126535427,-869.073339645,30.3,63.6,21.4,45,-869.124385,-869.070004,-869.026088,-871.890619,-871.841942,-871.804057,31.4,65.5,93.1,17.8,48.3,72.1,30.5,0.4203,0.3418,0.5675,1.213298,0.529447,0.392354,-26.181,-23.727,-1.227,-24.954,-0.07,-0.092,0.035
90.399,-869.124649186,-869.072786286,31.4,64,22.2,45.2,-869.122405,-869.069163,-869.024214,-871.889436,-871.841114,-871.802866,32.6,66,94.3,18.5,48.8,72.8,30.3,0.4028,0.3494,0.5636,1.237963,0.5357,0.397707,-26.415,-23.761,-1.327,-25.088,-0.074,-0.094,0.015
91.5885,-869.122940199,-869.071669496,32.5,64.7,23,45.7,-869.120889,-869.06808,-869.022721,-871.888233,-871.839791,-871.801741,33.6,66.7,95.2,19.3,49.7,73.5,30.4,0.3847,0.3585,0.5585,1.268352,0.54479,0.39354,-26.652,-23.798,-1.42699999999999,-25.225,-0.077,-0.093,-0.002
92.7779,-869.121699761,-869.070286697,33.3,65.5,23.5,46.3,-869.120095,-869.066995,-869.021912,-871.887321,-871.838354,-871.800987,34.1,67.4,95.7,19.8,50.6,74,30.8,0.3681,0.3667,0.5533,1.300596,0.553725,0.379427,-26.881,-23.831,-1.52500000000001,-25.356,-0.078,-0.091,-0.017
93.9674,-869.121133308,-869.068944725,33.6,66.4,23.8,46.9,-869.120116,-869.066044,-869.021913,-871.886933,-871.837102,-871.80082,34.1,68,95.7,20.1,51.3,74.1,31.2,0.3562,0.3718,0.549,1.331964,0.560119,0.356074,-27.094,-23.855,-1.6195,-25.4745,-0.076,-0.086,-0.026
95.1569,-869.121277881,-869.067831424,33.6,67.1,23.7,47.4,-869.121493,-869.065887,-869.023343,-871.887832,-871.836861,-871.801993,33.2,68.1,94.8,19.5,51.5,73.4,32,0.3516,0.3727,0.5465,1.360056,0.561912,0.327318,-27.281,-23.861,-1.71000000000001,-25.571,-0.072,-0.081,-0.028
96.3463,-869.122650676,-869.067646513,32.7,67.2,23.1,47.5,-869.124364,-869.066812,-869.026365,-871.890219,-871.837912,-871.804699,31.4,67.5,92.9,18,50.8,71.7,32.8,0.3559,0.3692,0.5462,1.382182,0.559231,0.297645,-27.433,-23.847,-1.79299999999999,-25.64,-0.066,-0.074,-0.023
97.5358,-869.125407392,-869.068669201,31,66.6,21.9,47,-869.128378,-869.068515,-869.030516,-871.893676,-871.839881,-871.808517,28.9,66.5,90.3,15.8,49.6,69.3,33.8,0.367,0.3635,0.5474,1.396741,0.554066,0.269805,-27.543,-23.81,-1.8665,-25.6765,-0.059,-0.067,-0.011
98.7253,-869.129190848,-869.070575901,28.6,65.4,20.2,46.2,-869.132547,-869.070169,-869.034716,-871.897105,-871.841773,-871.812277,26.3,65.4,87.7,13.7,48.4,66.9,34.7,0.3834,0.3567,0.5509,1.403945,0.546977,0.246776,-27.609,-23.751,-1.929,-25.68,-0.051,-0.06,0.005
99.9147,-869.133076674,-869.072488878,26.1,64.2,18.5,45.4,-869.13619,-869.071231,-869.038163,-871.899726,-871.84288,-871.815118,24,64.7,85.5,12,47.7,65.1,35.7,0.4013,0.3505,0.555,1.404321,0.539898,0.228526,-27.632,-23.668,-1.982,-25.65,-0.042,-0.053,0.025
101.1042,-869.13644675,-869.073802378,24,63.3,17,44.8,-869.139096,-869.071671,-869.040646,-871.901349,-871.843105,-871.816814,22.2,64.5,83.9,11,47.6,64.1,36.6,0.4187,0.346,0.5595,1.399402,0.533546,0.214824,-27.616,-23.562,-2.027,-25.589,-0.034,-0.047,0.046
102.2936,-869.139128079,-869.074459811,22.3,62.9,15.8,44.5,-869.14096,-869.071409,-869.041847,-871.901818,-871.84234,-871.817141,21,64.6,83.2,10.7,48.1,63.9,37.4,0.4324,0.3433,0.564,1.396395,0.526136,0.203798,-27.567,-23.431,-2.068,-25.499,-0.027,-0.041,0.064
103.4831,-869.140829523,-869.074338087,21.3,63,15,44.5,-869.141302,-869.070113,-869.04145,-871.900927,-871.840524,-871.81594,20.8,65.4,83.4,11.3,49.2,64.6,37.9,0.4429,0.3416,0.5686,1.391769,0.519058,0.197857,-27.491,-23.277,-2.10700000000001,-25.384,-0.021,-0.036,0.078
104.6726,-869.141096408,-869.073146648,21.1,63.8,14.9,45.1,-869.141043,-869.06876,-869.040361,-871.899829,-871.838737,-871.814358,20.9,66.3,84.1,12,50.3,65.6,38.3,0.4483,0.3415,0.5721,1.394172,0.510265,0.193368,-27.396,-23.102,-2.14699999999999,-25.249,-0.017,-0.032,0.087
105.862,-869.1408276,-869.071820419,21.3,64.6,15,45.6,-869.140591,-869.067763,-869.039094,-871.899116,-871.837609,-871.813056,21.2,66.9,84.9,12.4,51,66.4,38.6,0.4485,0.3425,0.5749,1.401655,0.500206,0.190878,-27.287,-22.91,-2.1885,-25.0985,-0.015,-0.029,0.089
107.0515,-869.140426656,-869.070794946,21.5,65.2,15.2,46.1,-869.140237,-869.067362,-869.037968,-871.899089,-871.837416,-871.812377,21.4,67.2,85.6,12.4,51.1,66.9,38.7,0.4445,0.3448,0.577,1.414907,0.488955,0.189443,-27.167,-22.709,-2.229,-24.938,-0.015,-0.026,0.084
108.2409,-869.140185551,-869.070308191,21.7,65.5,15.3,46.3,-869.140061,-869.067504,-869.037127,-871.899658,-871.838006,-871.812338,21.6,67.1,86.1,12.1,50.8,66.9,38.7,0.4367,0.3482,0.5774,1.431864,0.477029,0.188324,-27.041,-22.507,-2.267,-24.774,-0.016,-0.024,0.074
109.4304,-869.140168301,-869.070316723,21.7,65.5,15.3,46.3,-869.139706,-869.067722,-869.036231,-871.900203,-871.838716,-871.812358,21.8,66.9,86.7,11.7,50.3,66.9,38.6,0.4259,0.3527,0.5765,1.451385,0.464854,0.186893,-26.909,-22.315,-2.297,-24.612,-0.017,-0.022,0.059
110.6199,-869.140017735,-869.07036221,21.8,65.5,15.4,46.3,-869.139407,-869.068109,-869.035525,-871.900712,-871.839439,-871.812485,22,66.7,87.2,11.4,49.9,66.8,38.5,0.4126,0.3579,0.5739,1.473592,0.452295,0.183969,-26.774,-22.139,-2.3175,-24.4565,-0.02,-0.02,0.041
111.8093,-869.139950909,-869.070532071,21.8,65.4,15.4,46.2,-869.13924,-869.068616,-869.034973,-871.901027,-871.839956,-871.81254,22.1,66.4,87.5,11.2,49.6,66.8,38.4,0.397,0.3643,0.5698,1.499187,0.43929,0.178865,-26.64,-21.983,-2.32849999999999,-24.3115,-0.023,-0.019,0.023
112.9988,-869.13999741,-869.070785668,21.8,65.2,15.4,46.1,-869.139239,-869.069182,-869.034898,-871.901275,-871.840424,-871.812747,22.1,66,87.5,11.1,49.3,66.6,38.2,0.384,0.3689,0.565,1.518157,0.42794,0.17425,-26.511,-21.85,-2.3305,-24.1805,-0.025,-0.018,0.006
114.1882,-869.140228068,-869.071139603,21.7,65,15.3,46,-869.139008,-869.069324,-869.034691,-871.901053,-871.840356,-871.812632,22.2,65.9,87.7,11.2,49.3,66.7,38.1,0.3723,0.3725,0.5598,1.535702,0.417725,0.168088,-26.389,-21.745,-2.322,-24.067,-0.027,-0.018,-0.007
115.3777,-869.140152328,-869.071109584,21.7,65,15.3,46,-869.138815,-869.069331,-869.034789,-871.900877,-871.840315,-871.812728,22.3,65.9,87.6,11.3,49.3,66.6,38,0.3653,0.3727,0.5556,1.54567,0.410323,0.162359,-26.28,-21.668,-2.306,-23.974,-0.028,-0.018,-0.017
116.5672,-869.140051847,-869.071030017,21.8,65.1,15.4,46,-869.138972,-869.069557,-869.035468,-871.901175,-871.840729,-871.813438,22.2,65.8,87.2,11.1,49.1,66.2,38,0.3634,0.3702,0.5525,1.54813,0.406857,0.157377,-26.187,-21.621,-2.283,-23.904,-0.029,-0.019,-0.021
117.7566,-869.140198686,-869.071263706,21.7,64.9,15.3,45.9,-869.139438,-869.07002,-869.036676,-871.90194,-871.841619,-871.814739,21.9,65.5,86.4,10.7,48.5,65.4,37.8,0.3663,0.3644,0.5506,1.541175,0.408931,0.154098,-26.114,-21.601,-2.2565,-23.8575,-0.029,-0.021,-0.019
118.9461,-869.140558179,-869.071826554,21.5,64.6,15.2,45.6,-869.139657,-869.070274,-869.037645,-871.902444,-871.842289,-871.815796,21.8,65.3,85.8,10.3,48.1,64.7,37.8,0.3716,0.358,0.5489,1.527206,0.417457,0.153267,-26.067,-21.604,-2.2315,-23.8355,-0.029,-0.024,-0.012
120.1355,-869.140561146,-869.072232438,21.5,64.3,15.2,45.5,-869.139347,-869.070173,-869.038232,-871.902357,-871.842516,-871.816263,22,65.4,85.5,10.4,47.9,64.4,37.5,0.3815,0.3504,0.5487,1.49768,0.435444,0.158368,-26.046,-21.628,-2.209,-23.837,-0.029,-0.029,-0.001
121.325,-869.140036991,-869.072339613,21.8,64.3,15.4,45.4,-869.138699,-869.070003,-869.038475,-871.901731,-871.842424,-871.816128,22.4,65.5,85.3,10.8,48,64.5,37.2,0.394,0.3436,0.549,1.454238,0.461599,0.170733,-26.053,-21.664,-2.1945,-23.8585,-0.029,-0.034,0.012
122.5145,-869.139189773,-869.072396884,22.3,64.2,15.8,45.4,-869.137712,-869.069858,-869.038035,-871.900433,-871.841846,-871.815139,23,65.6,85.6,11.6,48.4,65.1,36.8,0.4031,0.3397,0.5489,1.410059,0.490319,0.187335,-26.089,-21.704,-2.1925,-23.8965,-0.031,-0.041,0.026
123.7039,-869.137964794,-869.072421602,23.1,64.2,16.3,45.4,-869.136071,-869.069478,-869.036793,-871.898395,-871.840866,-871.813198,24.1,65.8,86.4,12.9,49,66.3,36.1,0.4138,0.3367,0.5499,1.358966,0.518889,0.213305,-26.156,-21.739,-2.2085,-23.9475,-0.033,-0.048,0.04
124.8934,-869.136155935,-869.072204765,24.2,64.3,17.1,45.5,-869.133702,-869.068696,-869.034572,-871.895648,-871.839484,-871.810325,25.5,66.3,87.8,14.6,49.8,68.1,35.2,0.4239,0.335,0.5527,1.307631,0.541592,0.2476,-26.251,-21.764,-2.2435,-24.0075,-0.037,-0.056,0.051
126.0828,-869.133649946,-869.071589869,25.8,64.7,18.2,45.8,-869.130973,-869.067818,-869.03171,-871.89277,-871.838121,-871.807081,27.3,66.9,89.5,16.4,50.7,70.2,34.3,0.4313,0.3345,0.5565,1.266452,0.553432,0.286201,-26.373,-21.772,-2.3005,-24.0725,-0.041,-0.064,0.059
127.2723,-869.130818005,-869.070829876,27.6,65.2,19.5,46.1,-869.128478,-869.067286,-869.028898,-871.890475,-871.837419,-871.804242,28.8,67.2,91.3,17.9,51.1,72,33.2,0.4363,0.3347,0.5612,1.235553,0.554685,0.328024,-26.519,-21.764,-2.3775,-24.1415,-0.047,-0.071,0.063
128.4618,-869.128267061,-869.070392957,29.2,65.5,20.6,46.3,-869.126575,-869.067238,-869.02661,-871.889087,-871.83748,-871.802271,30,67.3,92.7,18.7,51.1,73.2,32.4,0.4388,0.3358,0.5654,1.215761,0.549436,0.367654,-26.682,-21.74,-2.47099999999999,-24.211,-0.052,-0.077,0.062
129.6512,-869.126365286,-869.070390253,30.4,65.5,21.5,46.3,-869.124993,-869.067284,-869.024641,-871.888199,-871.837739,-871.800812,31,67.2,94,19.3,50.9,74.1,31.6,0.437,0.3388,0.5688,1.209636,0.542136,0.400498,-26.854,-21.704,-2.575,-24.279,-0.058,-0.082,0.057
130.8407,-869.124857882,-869.070408314,31.3,65.5,22.1,46.3,-869.123809,-869.067352,-869.023123,-871.887693,-871.837906,-871.79982,31.8,67.2,94.9,19.6,50.8,74.7,31.2,0.4303,0.3443,0.5702,1.217911,0.537819,0.422184,-27.024,-21.66,-2.682,-24.342,-0.062,-0.084,0.048
132.0302,-869.123833094,-869.070340629,31.9,65.5,22.6,46.3,-869.123405,-869.067623,-869.022493,-871.887741,-871.838076,-871.799555,32,67,95.3,19.6,50.7,74.9,31.1,0.4197,0.352,0.5699,1.237074,0.539663,0.430438,-27.181,-21.612,-2.78450000000001,-24.3965,-0.065,-0.083,0.037
133.2196,-869.123645168,-869.070397937,32.1,65.5,22.7,46.3,-869.123872,-869.068032,-869.022856,-871.888313,-871.838187,-871.800025,31.7,66.8,95.1,19.2,50.7,74.6,31.5,0.4072,0.361,0.5684,1.263874,0.547551,0.423231,-27.314,-21.563,-2.8755,-24.4385,-0.066,-0.08,0.026
134.4091,-869.124342535,-869.070553201,31.6,65.4,22.4,46.2,-869.125101,-869.068385,-869.024135,-871.889297,-871.838186,-871.801137,30.9,66.5,94.3,18.6,50.7,73.9,32.1,0.3963,0.3698,0.5668,1.294036,0.558407,0.400419,-27.414,-21.514,-2.94999999999999,-24.464,-0.064,-0.074,0.017
135.5985,-869.12576391,-869.070677964,30.7,65.3,21.7,46.2,-869.127338,-869.068922,-869.026568,-871.891075,-871.838509,-871.803277,29.5,66.2,92.8,17.5,50.5,72.6,33,0.3892,0.3762,0.5656,1.325896,0.567396,0.364032,-27.477,-21.463,-3.007,-24.47,-0.06,-0.066,0.011
136.788,-869.128104925,-869.071056642,29.3,65.1,20.7,46,-869.130012,-869.069202,-869.029573,-871.89321,-871.838878,-871.80598,27.9,66,90.9,16.1,50.2,70.9,34.1,0.3885,0.3789,0.5653,1.355905,0.569442,0.320238,-27.505,-21.41,-3.0475,-24.4575,-0.053,-0.056,0.01
137.9775,-869.130777082,-869.071289577,27.6,64.9,19.5,45.9,-869.133291,-869.069604,-869.033179,-871.895979,-871.839699,-871.809419,25.8,65.8,88.6,14.4,49.7,68.7,35.3,0.3928,0.3774,0.5657,1.385866,0.560912,0.274481,-27.502,-21.356,-3.07300000000001,-24.429,-0.045,-0.046,0.013
139.1669,-869.133972918,-869.071726386,25.6,64.6,18.1,45.7,-869.136757,-869.069952,-869.036842,-871.89896,-871.840702,-871.813044,23.6,65.5,86.3,12.5,49.1,66.4,36.6,0.4006,0.3726,0.5661,1.416068,0.540736,0.231507,-27.474,-21.302,-3.086,-24.388,-0.036,-0.036,0.019
140.3564,-869.137309399,-869.072178082,23.5,64.4,16.6,45.5,-869.139867,-869.070003,-869.039908,-871.901547,-871.841441,-871.816108,21.7,65.5,84.4,10.9,48.6,64.5,37.7,0.4098,0.3648,0.5674,1.447811,0.510025,0.193955,-27.429,-21.249,-3.09,-24.339,-0.027,-0.026,0.028
141.5458,-869.140282726,-869.072367863,21.6,64.2,15.3,45.4,-869.142333,-869.06976,-869.042067,-871.903391,-871.841704,-871.818169,20.1,65.7,83,9.7,48.5,63.2,38.8,0.4182,0.3553,0.5689,1.480444,0.472623,0.163137,-27.372,-21.202,-3.08500000000001,-24.287,-0.018,-0.018,0.039
142.7353,-869.142628803,-869.07227171,20.2,64.3,14.2,45.4,-869.144011,-869.069341,-869.043228,-871.904359,-871.841456,-871.819078,19.1,65.9,82.3,9.1,48.6,62.7,39.5,0.4244,0.3463,0.5706,1.512201,0.434251,0.139537,-27.31,-21.163,-3.0735,-24.2365,-0.011,-0.012,0.048
143.9248,-869.144220511,-869.071972786,19.2,64.5,13.5,45.6,-869.144676,-869.068644,-869.043301,-871.904302,-871.840603,-871.818786,18.7,66.4,82.3,9.2,49.1,62.8,39.9,0.4282,0.3387,0.5711,1.536406,0.402798,0.12373,-27.244,-21.131,-3.0565,-24.1875,-0.005,-0.008,0.057
145.1142,-869.144841252,-869.071354589,18.8,64.9,13.3,45.9,-869.144403,-869.067864,-869.042451,-871.903451,-871.83942,-871.817567,18.8,66.9,82.8,9.7,49.9,63.6,40.2,0.4292,0.3346,0.5711,1.549211,0.383586,0.116142,-27.181,-21.106,-3.03750000000001,-24.1435,-0.002,-0.006,0.062
146.3037,-869.144565128,-869.070601959,18.9,65.4,13.4,46.2,-869.143397,-869.067142,-869.040981,-871.902169,-871.838253,-871.815882,19.5,67.3,83.7,10.5,50.6,64.7,40.1,0.4292,0.3341,0.5707,1.547102,0.379185,0.116473,-27.121,-21.088,-3.01650000000001,-24.1045,-0.001,-0.006,0.064
147.4931,-869.14358803,-869.069866466,19.6,65.8,13.8,46.5,-869.142028,-869.066766,-869.039313,-871.900938,-871.837586,-871.814259,20.3,67.5,84.8,11.3,51,65.7,39.7,0.4279,0.3367,0.5703,1.529101,0.388578,0.124807,-27.07,-21.075,-2.9975,-24.0725,-0.003,-0.008,0.062
148.6826,-869.142266548,-869.069453374,20.4,66.1,14.4,46.7,-869.14067,-869.067051,-869.037779,-871.900122,-871.837746,-871.813014,21.2,67.4,85.7,11.8,50.9,66.5,39.1,0.4248,0.3423,0.5704,1.502746,0.405529,0.139544,-27.03,-21.065,-2.9825,-24.0475,-0.007,-0.012,0.057
149.8721,-869.140991187,-869.069667961,21.2,65.9,15,46.6,-869.139098,-869.067694,-869.036123,-871.899391,-871.838366,-871.811792,22.2,67,86.8,12.3,50.6,67.2,38.3,0.4193,0.3496,0.5704,1.473536,0.424759,0.159627,-27.002,-21.06,-2.971,-24.031,-0.013,-0.018,0.048
151.0615,-869.139533454,-869.070201461,22.1,65.6,15.6,46.4,-869.137508,-869.068656,-869.034551,-871.898752,-871.839337,-871.810644,23.2,66.4,87.8,12.7,49.9,67.9,37.2,0.412,0.3579,0.5705,1.443757,0.442708,0.183092,-26.985,-21.061,-2.962,-24.023,-0.021,-0.025,0.036
152.251,-869.138098425,-869.071033828,23,65.1,16.3,46,-869.135939,-869.06978,-869.033055,-871.898071,-871.840383,-871.809426,24.1,65.7,88.7,13.1,49.3,68.7,36.2,0.4031,0.366,0.5704,1.416529,0.45734,0.208245,-26.975,-21.068,-2.95349999999999,-24.0215,-0.029,-0.033,0.022
153.4404,-869.136727826,-869.072005276,23.9,64.5,16.9,45.6,-869.133963,-869.070417,-869.031138,-871.896787,-871.840763,-871.807631,25.4,65.3,89.9,13.9,49,69.8,35.1,0.393,0.374,0.5698,1.395377,0.469042,0.233153,-26.968,-21.083,-2.9425,-24.0255,-0.038,-0.041,0.008
154.6299,-869.134958226,-869.07246755,25,64.2,17.6,45.4,-869.131677,-869.070419,-869.028957,-871.894959,-871.840402,-871.805417,26.8,65.3,91.3,15,49.3,71.2,34.3,0.3835,0.3803,0.5687,1.377494,0.479243,0.257293,-26.956,-21.104,-2.92599999999999,-24.03,-0.046,-0.049,-0.003
155.8194,-869.132853622,-869.072309471,26.3,64.3,18.6,45.4,-869.129298,-869.069821,-869.026783,-871.892829,-871.839452,-871.803098,28.3,65.6,92.6,16.4,49.9,72.7,33.5,0.3786,0.3838,0.568,1.360416,0.489343,0.280869,-26.933,-21.132,-2.90049999999999,-24.0325,-0.052,-0.055,-0.01
157.0088,-869.13056719,-869.071628568,27.7,64.7,19.6,45.7,-869.12716,-869.068835,-869.025039,-871.890779,-871.838259,-871.801133,29.7,66.2,93.7,17.7,50.6,73.9,32.9,0.3802,0.3832,0.5681,1.341059,0.49962,0.30454,-26.898,-21.164,-2.867,-24.031,-0.056,-0.06,-0.012
158.1983,-869.128384835,-869.0706918,29.1,65.3,20.6,46.2,-869.126187,-869.068346,-869.024644,-871.889794,-871.8378,-871.80052,30.3,66.6,94,18.3,50.9,74.3,32.6,0.3888,0.3785,0.5696,1.31875,0.510253,0.326347,-26.85,-21.198,-2.82599999999999,-24.024,-0.058,-0.064,-0.007
159.3878,-869.127227709,-869.070377205,29.8,65.5,21.1,46.3,-869.126082,-869.068039,-869.025242,-871.889533,-871.837727,-871.800918,30.3,66.7,93.6,18.4,51,74,32.6,0.403,0.3715,0.5713,1.293865,0.52201,0.344997,-26.792,-21.23,-2.78100000000001,-24.011,-0.057,-0.066,0.004
160.5772,-869.126809809,-869.070347451,30.1,65.5,21.3,46.3,-869.127101,-869.068186,-869.027005,-871.890177,-871.838213,-871.802455,29.7,66.7,92.5,18,50.6,73.1,32.6,0.42,0.3636,0.5724,1.26527,0.536498,0.358584,-26.731,-21.253,-2.739,-23.992,-0.054,-0.067,0.019
161.7667,-869.127455128,-869.070807201,29.7,65.2,21,46.1,-869.128625,-869.06842,-869.029205,-871.891149,-871.838739,-871.804424,28.7,66.5,91.1,17.4,50.3,71.8,32.9,0.4353,0.3565,0.5715,1.239146,0.553378,0.364556,-26.673,-21.263,-2.705,-23.968,-0.05,-0.066,0.037
162.9561,-869.128633623,-869.071305222,28.9,64.9,20.5,45.9,-869.130691,-869.069062,-869.031866,-871.892612,-871.839567,-871.806856,27.4,66.1,89.4,16.5,49.8,70.3,33.3,0.4465,0.3515,0.5695,1.220375,0.570605,0.361873,-26.623,-21.252,-2.68549999999999,-23.9375,-0.046,-0.065,0.054
164.1456,-869.130448358,-869.072115725,27.8,64.4,19.6,45.5,-869.132328,-869.069347,-869.033993,-871.893669,-871.839918,-871.808743,26.4,65.9,88.1,15.8,49.6,69.1,33.8,0.4534,0.3476,0.5667,1.210083,0.585595,0.352992,-26.585,-21.215,-2.685,-23.9,-0.041,-0.062,0.069
165.3351,-869.13192284,-869.072496593,26.9,64.2,19,45.3,-869.133165,-869.069184,-869.035204,-871.894141,-871.839739,-871.809782,25.9,66,87.4,15.6,49.7,68.5,34.1,0.4553,0.3451,0.5642,1.213673,0.594964,0.338774,-26.56,-21.15,-2.705,-23.855,-0.037,-0.06,0.079
166.5245,-869.132697808,-869.072352314,26.4,64.3,18.6,45.4,-869.133233,-869.068763,-869.035528,-871.894177,-871.839309,-871.810088,25.8,66.3,87.2,15.5,50,68.3,34.5,0.4525,0.3438,0.5628,1.229746,0.597813,0.323358,-26.547,-21.057,-2.745,-23.802,-0.035,-0.058,0.085
167.714,-869.132789093,-869.071893214,26.3,64.5,18.6,45.6,-869.132754,-869.068335,-869.035168,-871.894046,-871.838941,-871.809947,26.1,66.6,87.4,15.6,50.2,68.4,34.6,0.4459,0.3443,0.5629,1.255497,0.595664,0.309645,-26.541,-20.934,-2.8035,-23.7375,-0.034,-0.056,0.084
168.9034,-869.132409371,-869.071369789,26.6,64.9,18.8,45.8,-869.132168,-869.068317,-869.034514,-871.894127,-871.839039,-871.809748,26.5,66.6,87.8,15.6,50.1,68.5,34.5,0.4354,0.3471,0.5632,1.286525,0.590836,0.299451,-26.541,-20.785,-2.878,-23.663,-0.035,-0.055,0.079
170.0929,-869.131997552,-869.071200203,26.8,65,19,45.9,-869.131156,-869.068294,-869.03326,-871.893936,-871.839104,-871.809089,27.1,66.6,88.6,15.7,50.1,68.9,34.4,0.4224,0.3526,0.5638,1.317433,0.585955,0.2942,-26.545,-20.607,-2.96899999999999,-23.576,-0.038,-0.055,0.068
171.2824,-869.131231166,-869.070962471,27.3,65.1,19.3,46,-869.129744,-869.068155,-869.031377,-871.893351,-871.838924,-871.807863,28,66.7,89.8,16,50.2,69.7,34.2,0.4057,0.3618,0.5637,1.348142,0.581991,0.291557,-26.553,-20.4,-3.0765,-23.4765,-0.041,-0.055,0.054
172.4718,-869.130133456,-869.070526221,28,65.4,19.8,46.2,-869.128714,-869.06843,-869.029748,-871.893004,-871.839075,-871.806838,28.7,66.5,90.8,16.3,50.1,70.3,33.8,0.3878,0.3729,0.5626,1.371466,0.58006,0.292212,-26.565,-20.167,-3.199,-23.366,-0.046,-0.056,0.037
173.6613,-869.129453784,-869.070479682,28.4,65.4,20.1,46.2,-869.1282,-869.069055,-869.028549,-871.892973,-871.839511,-871.806153,29,66.1,91.5,16.3,49.8,70.8,33.5,0.3698,0.3849,0.5602,1.388658,0.579555,0.293506,-26.578,-19.91,-3.334,-23.244,-0.051,-0.057,0.02
174.8507,-869.129292824,-869.070771163,28.5,65.2,20.2,46.1,-869.128001,-869.069654,-869.027739,-871.893072,-871.839962,-871.805721,29.1,65.7,92,16.2,49.5,71,33.3,0.3545,0.3953,0.5575,1.397894,0.579917,0.294706,-26.589,-19.636,-3.4765,-23.1125,-0.055,-0.058,0.004
176.0402,-869.129405374,-869.071084406,28.5,65,20.1,46,-869.12812,-869.070132,-869.027367,-871.89337,-871.840404,-871.805652,29,65.4,92.3,16,49.3,71.1,33.3,0.343,0.403,0.5543,1.403279,0.579736,0.293409,-26.593,-19.35,-3.6215,-22.9715,-0.058,-0.058,-0.008
177.2297,-869.129730191,-869.071357851,28.2,64.9,20,45.9,-869.128676,-869.070571,-869.027702,-871.894044,-871.840977,-871.806166,28.7,65.2,92.1,15.6,48.9,70.8,33.3,0.3389,0.4061,0.5524,1.404394,0.578342,0.289436,-26.584,-19.055,-3.7645,-22.8195,-0.059,-0.058,-0.016
178.4191,-869.13036773,-869.071712197,27.8,64.7,19.7,45.7,-869.129664,-869.070943,-869.028773,-871.895053,-871.841609,-871.807233,28.1,64.9,91.4,15,48.5,70.1,33.5,0.3424,0.4037,0.5522,1.402584,0.575174,0.282576,-26.556,-18.753,-3.90150000000001,-22.6545,-0.058,-0.056,-0.018
179.6086,-869.131291923,-869.072140625,27.3,64.4,19.3,45.5,-869.131073,-869.071189,-869.03047,-871.896261,-871.842134,-871.808687,27.2,64.8,90.3,14.2,48.2,69.2,34,0.3531,0.3974,0.5529,1.397393,0.571578,0.272767,-26.508,-18.443,-4.0325,-22.4755,-0.054,-0.054,-0.014
180.798,-869.132507846,-869.072565272,26.5,64.1,18.7,45.3,-869.132852,-869.071285,-869.032624,-871.897499,-871.842407,-871.810338,26.1,64.7,89,13.4,48,68.1,34.6,0.3683,0.3882,0.5537,1.389982,0.568261,0.260641,-26.441,-18.121,-4.16,-22.281,-0.049,-0.051,-0.005
181.9875,-869.134006001,-869.072918384,25.6,63.9,18.1,45.2,-869.134814,-869.071129,-869.034909,-871.898541,-871.842254,-871.811885,24.8,64.8,87.5,12.8,48.1,67.2,35.3,0.3855,0.378,0.554,1.38082,0.565794,0.246896,-26.361,-17.786,-4.28749999999999,-22.0735,-0.043,-0.047,0.008
183.177,-869.135647785,-869.073050231,24.5,63.8,17.3,45.1,-869.13677,-869.070715,-869.037025,-871.899292,-871.841685,-871.813137,23.6,65.1,86.2,12.3,48.5,66.4,36.2,0.4022,0.3686,0.5534,1.371246,0.563655,0.232663,-26.273,-17.436,-4.41849999999999,-21.8545,-0.036,-0.043,0.024
184.3664,-869.137290085,-869.072912615,23.5,63.9,16.6,45.2,-869.13837,-869.069939,-869.038618,-871.899615,-871.840695,-871.813894,22.6,65.6,85.2,12.1,49.1,65.9,37,0.4165,0.3599,0.552,1.362938,0.560644,0.21818,-26.186,-17.067,-4.5595,-21.6265,-0.029,-0.039,0.039
185.5559,-869.138624205,-869.072365901,22.7,64.2,16,45.4,-869.139569,-869.069031,-869.039656,-871.899725,-871.83969,-871.814302,21.9,66.1,84.6,12,49.7,65.7,37.7,0.4285,0.3524,0.5505,1.354904,0.556802,0.206483,-26.105,-16.685,-4.70999999999999,-21.395,-0.023,-0.036,0.054
186.7454,-869.139621806,-869.071649282,22,64.7,15.6,45.7,-869.140001,-869.067885,-869.039785,-871.899477,-871.838617,-871.814147,21.6,66.8,84.5,12.2,50.4,65.7,38.2,0.4361,0.3467,0.5496,1.352042,0.550767,0.197491,-26.035,-16.296,-4.8695,-21.1655,-0.018,-0.034,0.065
187.9348,-869.139914312,-869.070638054,21.9,65.3,15.4,46.2,-869.139871,-869.066909,-869.039292,-871.89917,-871.837919,-871.813732,21.7,67.5,84.8,12.4,50.8,66,38.4,0.4397,0.3427,0.5494,1.352595,0.543557,0.193118,-25.976,-15.912,-5.032,-20.944,-0.015,-0.033,0.072
189.1243,-869.139711177,-869.069755181,22,65.9,15.5,46.6,-869.139419,-869.066435,-869.038457,-871.898974,-871.837783,-871.813236,22,67.8,85.3,12.5,50.9,66.3,38.4,0.439,0.3405,0.5499,1.356453,0.536332,0.193853,-25.927,-15.547,-5.19,-20.737,-0.015,-0.033,0.073
190.3137,-869.13925954,-869.06931618,22.3,66.2,15.7,46.8,-869.138612,-869.066568,-869.037271,-871.898765,-871.83807,-871.812504,22.5,67.7,86.1,12.6,50.7,66.8,38.1,0.4327,0.3409,0.5505,1.368856,0.527335,0.198318,-25.885,-15.212,-5.3365,-20.5485,-0.017,-0.034,0.069
191.5032,-869.138535871,-869.069388995,22.7,66.1,16.1,46.7,-869.137555,-869.067237,-869.035857,-871.898405,-871.838643,-871.8115,23.1,67.3,86.9,12.9,50.4,67.4,37.5,0.4224,0.3441,0.5517,1.380983,0.521237,0.207976,-25.847,-14.917,-5.465,-20.382,-0.021,-0.037,0.06
192.6927,-869.137636991,-869.069945801,23.3,65.8,16.5,46.5,-869.136316,-869.068341,-869.034274,-871.897854,-871.839344,-871.810229,23.9,66.6,87.9,13.2,49.9,68.2,36.7,0.4085,0.3503,0.5524,1.392873,0.51797,0.221469,-25.809,-14.669,-5.56999999999999,-20.239,-0.028,-0.041,0.047
193.8821,-869.136642163,-869.070858953,23.9,65.2,16.9,46.1,-869.134908,-869.069599,-869.032523,-871.897081,-871.839998,-871.808739,24.8,65.8,89,13.7,49.5,69.1,35.8,0.392,0.3597,0.5526,1.402416,0.518015,0.237564,-25.768,-14.474,-5.64700000000001,-20.121,-0.036,-0.046,0.032
195.0716,-869.135543381,-869.071849477,24.6,64.6,17.4,45.6,-869.133225,-869.0706,-869.030556,-871.896018,-871.840427,-871.807073,25.8,65.1,90.3,14.4,49.3,70.2,34.9,0.3751,0.3705,0.5523,1.40565,0.522061,0.256303,-25.72,-14.335,-5.6925,-20.0275,-0.044,-0.052,0.017
196.261,-869.134193352,-869.072550622,25.4,64.1,18,45.3,-869.131414,-869.07122,-869.028609,-871.894899,-871.840739,-871.805567,27,64.8,91.5,15.1,49.1,71.1,34,0.3609,0.3808,0.5519,1.401974,0.52946,0.276575,-25.66,-14.26,-5.7,-19.96,-0.052,-0.058,0.005
197.4505,-869.1326691,-869.072901693,26.4,63.9,18.7,45.2,-869.129459,-869.071301,-869.026768,-871.893791,-871.840916,-871.804332,28.2,64.7,92.6,15.8,49,71.9,33.2,0.3515,0.3884,0.552,1.392124,0.539077,0.297778,-25.585,-14.25,-5.6675,-19.9175,-0.059,-0.064,-0.004
198.64,-869.130917591,-869.072789458,27.5,64,19.4,45.2,-869.127985,-869.071387,-869.025758,-871.893293,-871.841486,-871.803989,29.1,64.6,93.3,16.1,48.6,72.1,32.5,0.3497,0.3912,0.5535,1.3765,0.549625,0.319284,-25.491,-14.307,-5.59200000000001,-19.899,-0.064,-0.069,-0.009
199.8294,-869.129531146,-869.072806919,28.4,64,20.1,45.2,-869.126618,-869.070986,-869.025095,-871.892799,-871.841723,-871.80392,30,64.9,93.7,16.4,48.4,72.2,32,0.3534,0.3894,0.555,1.35981,0.56112,0.33823,-25.376,-14.44,-5.468,-19.908,-0.068,-0.073,-0.008
201.0189,-869.12809312,-869.072462625,29.3,64.2,20.7,45.4,-869.12551,-869.070211,-869.02489,-871.892248,-871.841526,-871.804026,30.7,65.4,93.8,16.7,48.6,72.1,31.9,0.3626,0.3833,0.5564,1.342359,0.573618,0.353044,-25.238,-14.648,-5.295,-19.943,-0.069,-0.076,-0.002
202.2083,-869.126786456,-869.071859428,30.1,64.6,21.3,45.6,-869.124923,-869.069305,-869.025285,-871.89172,-871.840938,-871.804328,31.1,66,93.6,17.1,48.9,71.9,31.8,0.3751,0.3753,0.5575,1.32563,0.587631,0.361249,-25.081,-14.927,-5.077,-20.004,-0.068,-0.077,0.008
203.3978,-869.125912549,-869.071191036,30.6,65,21.7,45.9,-869.125093,-869.068565,-869.026427,-871.89143,-871.840196,-871.804966,30.9,66.4,92.9,17.3,49.4,71.5,32.1,0.3884,0.3667,0.5572,1.310233,0.60295,0.361194,-24.908,-15.27,-4.81899999999999,-20.089,-0.065,-0.077,0.021
204.5873,-869.125762834,-869.070707697,30.7,65.3,21.7,46.1,-869.12596,-869.068024,-869.028157,-871.891455,-871.839416,-871.805923,30.4,66.8,91.8,17.2,49.9,70.9,32.7,0.401,0.3593,0.5566,1.298344,0.618696,0.352306,-24.727,-15.67,-4.52850000000001,-20.1985,-0.06,-0.075,0.035
205.7767,-869.126331596,-869.070390784,30.4,65.5,21.5,46.3,-869.127168,-869.067465,-869.030072,-871.891681,-871.838589,-871.807018,29.6,67.1,90.6,17.1,50.4,70.2,33.3,0.4127,0.3538,0.5552,1.289573,0.633037,0.336529,-24.547,-16.115,-4.21599999999999,-20.331,-0.055,-0.072,0.049
206.9662,-869.127287565,-869.070011518,29.8,65.7,21,46.5,-869.128817,-869.06715,-869.032194,-871.892467,-871.838187,-871.808525,28.6,67.3,89.2,16.6,50.7,69.3,34.1,0.4224,0.3502,0.5533,1.285428,0.644072,0.316769,-24.374,-16.591,-3.89149999999999,-20.4825,-0.049,-0.068,0.061
208.1556,-869.128744684,-869.069827418,28.9,65.8,20.4,46.5,-869.130764,-869.067139,-869.034322,-871.893846,-871.838362,-871.810395,27.4,67.3,87.9,15.7,50.6,68.1,34.9,0.4296,0.3483,0.5516,1.287558,0.649865,0.29618,-24.218,-17.076,-3.571,-20.647,-0.043,-0.063,0.07
209.3451,-869.130570616,-869.069893002,27.7,65.8,19.6,46.5,-869.133022,-869.067636,-869.036438,-871.895868,-871.839278,-871.812598,26,67,86.6,14.5,50,66.7,35.5,0.4337,0.3477,0.5505,1.297924,0.648475,0.27681,-24.08,-17.55,-3.265,-20.815,-0.039,-0.058,0.075
210.5346,-869.132775509,-869.070425483,26.3,65.5,18.6,46.3,-869.135164,-869.068406,-869.038117,-871.898002,-871.840509,-871.814541,24.6,66.5,85.5,13.1,49.2,65.5,36.1,0.434,0.3479,0.5505,1.31851,0.638306,0.259818,-23.963,-17.995,-2.98399999999999,-20.979,-0.035,-0.054,0.075
211.724,-869.134928254,-869.071201754,25,65,17.7,45.9,-869.136911,-869.069314,-869.039077,-871.899824,-871.841657,-871.815747,23.5,65.9,84.9,12,48.5,64.7,36.5,0.429,0.3488,0.5513,1.351597,0.618922,0.244742,-23.866,-18.394,-2.736,-21.13,-0.033,-0.05,0.07
212.9135,-869.136765193,-869.072056598,23.8,64.4,16.8,45.5,-869.138085,-869.070227,-869.039221,-871.900989,-871.842455,-871.815974,22.8,65.4,84.8,11.3,48,64.6,36.7,0.4198,0.3509,0.5522,1.390518,0.593651,0.233563,-23.786,-18.737,-2.5245,-21.2615,-0.032,-0.047,0.061
214.103,-869.138102436,-869.072869964,23,63.9,16.3,45.2,-869.138487,-869.070882,-869.038396,-871.901247,-871.842624,-871.815073,22.5,65,85.4,11.1,47.9,65.2,36.8,0.4073,0.3549,0.5528,1.42892,0.567295,0.226594,-23.719,-19.02,-2.34949999999999,-21.3695,-0.032,-0.045,0.048
215.2924,-869.138732212,-869.073368127,22.6,63.6,16,45,-869.137968,-869.070965,-869.036549,-871.900495,-871.842005,-871.813097,22.9,64.9,86.5,11.6,48.3,66.4,36.7,0.3937,0.3607,0.5526,1.459287,0.544407,0.224192,-23.661,-19.242,-2.20950000000001,-21.4515,-0.034,-0.043,0.035
216.4819,-869.138479813,-869.073251146,22.8,63.7,16.1,45,-869.136801,-869.070612,-869.034056,-871.899176,-871.840964,-871.810612,23.6,65.1,88.1,12.4,48.9,68,36.5,0.3806,0.3678,0.552,1.480916,0.525689,0.225052,-23.609,-19.404,-2.10250000000001,-21.5065,-0.036,-0.043,0.021
217.6713,-869.137578686,-869.072664335,23.3,64.1,16.5,45.3,-869.135259,-869.06991,-869.031427,-871.897697,-871.839906,-871.808186,24.6,65.6,89.7,13.3,49.6,69.5,36.3,0.3721,0.3739,0.5522,1.48677,0.513243,0.230452,-23.563,-19.502,-2.03049999999999,-21.5325,-0.038,-0.043,0.01
218.8608,-869.136255231,-869.071792252,24.2,64.6,17.1,45.7,-869.133678,-869.06909,-869.029125,-871.896484,-871.839175,-871.806303,25.6,66.1,91.2,14.1,50,70.7,35.9,0.369,0.3781,0.5539,1.48111,0.504708,0.237646,-23.52,-19.539,-1.99050000000001,-21.5295,-0.04,-0.044,0.002
220.0503,-869.134824999,-869.070886899,25.1,65.2,17.7,46.1,-869.132285,-869.068323,-869.027399,-871.895663,-871.838803,-871.805123,26.4,66.6,92.3,14.6,50.3,71.4,35.7,0.3697,0.3794,0.5561,1.470275,0.498105,0.243542,-23.482,-19.52,-1.98099999999999,-21.501,-0.042,-0.045,-0.002
221.2397,-869.133479027,-869.070107013,25.9,65.7,18.3,46.4,-869.131179,-869.067642,-869.026395,-871.895149,-871.838669,-871.804578,27.1,67,92.9,14.9,50.4,71.8,35.5,0.3746,0.3768,0.5584,1.455225,0.493415,0.247305,-23.447,-19.454,-1.9965,-21.4505,-0.042,-0.047,-0.002
222.4292,-869.132328444,-869.069497138,26.6,66,18.8,46.7,-869.130729,-869.067395,-869.026431,-871.895096,-871.838887,-871.80481,27.4,67.2,92.9,15,50.2,71.6,35.2,0.3813,0.3713,0.5599,1.438661,0.490926,0.248308,-23.417,-19.35,-2.0335,-21.3835,-0.042,-0.048,0.003
223.6186,-869.131755089,-869.069387703,27,66.1,19.1,46.7,-869.130846,-869.067509,-869.02733,-871.895284,-871.839214,-871.805558,27.3,67.1,92.3,14.8,50,71.1,35.2,0.3892,0.3637,0.5604,1.422565,0.491054,0.246513,-23.392,-19.221,-2.0855,-21.3065,-0.042,-0.05,0.01
224.8081,-869.131692191,-869.069673525,27,65.9,19.1,46.6,-869.131152,-869.067667,-869.02865,-871.89535,-871.83932,-871.806395,27.1,67,91.5,14.8,50,70.6,35.2,0.3971,0.3557,0.5598,1.406367,0.49426,0.243571,-23.372,-19.079,-2.1465,-21.2255,-0.041,-0.052,0.02
225.9976,-869.131801652,-869.070014646,26.9,65.7,19,46.5,-869.131275,-869.067579,-869.029875,-871.895056,-871.838974,-871.807,27.1,67,90.7,15,50.2,70.2,35.2,0.4038,0.3482,0.5582,1.392778,0.500345,0.239711,-23.361,-18.933,-2.214,-21.147,-0.04,-0.054,0.03
227.187,-869.131725214,-869.070078768,27,65.7,19.1,46.4,-869.131174,-869.067244,-869.030918,-871.894572,-871.838434,-871.807453,27.1,67.2,90,15.3,50.5,69.9,35.2,0.4106,0.3418,0.5566,1.377957,0.509247,0.237674,-23.36,-18.789,-2.28550000000001,-21.0745,-0.039,-0.055,0.04
228.3765,-869.131449342,-869.069886756,27.2,65.8,19.2,46.5,-869.13119,-869.067072,-869.03196,-871.894415,-871.838216,-871.808174,27.1,67.4,89.4,15.4,50.6,69.5,35.2,0.4156,0.3378,0.5549,1.365659,0.519813,0.236924,-23.373,-18.652,-2.3605,-21.0125,-0.038,-0.056,0.049
229.5659,-869.131313708,-869.069809247,27.3,65.8,19.3,46.5,-869.131421,-869.067203,-869.033056,-871.894766,-871.838569,-871.809258,27,67.3,88.7,15.2,50.4,68.8,35.2,0.4198,0.3359,0.5536,1.354357,0.531114,0.239054,-23.401,-18.524,-2.4385,-20.9625,-0.038,-0.058,0.056
230.7554,-869.131444083,-869.070003431,27.2,65.7,19.2,46.5,-869.131563,-869.067389,-869.033799,-871.895249,-871.839095,-871.810243,26.9,67.2,88.2,14.9,50.1,68.2,35.2,0.4207,0.3365,0.5531,1.349187,0.541176,0.242194,-23.45,-18.414,-2.518,-20.932,-0.039,-0.058,0.059
231.9449,-869.131538237,-869.070195396,27.1,65.6,19.2,46.4,-869.131783,-869.067836,-869.034345,-871.895892,-871.839852,-871.811107,26.7,66.9,87.9,14.5,49.6,67.7,35.1,0.4187,0.3384,0.553,1.351319,0.548524,0.246026,-23.52,-18.329,-2.5955,-20.9245,-0.04,-0.059,0.059
233.1343,-869.1317821,-869.07060313,27,65.4,19.1,46.2,-869.13208,-869.068548,-869.034661,-871.896543,-871.840665,-871.811671,26.6,66.4,87.7,14,49.1,67.3,35.1,0.4122,0.3422,0.5533,1.362888,0.55184,0.249435,-23.61,-18.295,-2.65750000000001,-20.9525,-0.042,-0.059,0.056
234.3238,-869.132171017,-869.071226022,26.7,65,18.9,45.9,-869.132474,-869.069483,-869.034792,-871.897104,-871.841418,-871.811877,26.3,65.8,87.6,13.7,48.6,67.2,34.9,0.4031,0.3473,0.5536,1.381341,0.551951,0.252635,-23.717,-18.324,-2.6965,-21.0205,-0.045,-0.059,0.05
235.5132,-869.132732686,-869.072021308,26.4,64.5,18.6,45.6,-869.13253,-869.070106,-869.034323,-871.897106,-871.841595,-871.811328,26.3,65.5,87.9,13.7,48.5,67.5,34.8,0.3915,0.3534,0.5542,1.403447,0.550224,0.255891,-23.837,-18.429,-2.70399999999999,-21.133,-0.047,-0.058,0.043
236.7027,-869.133001797,-869.072464562,26.2,64.2,18.5,45.4,-869.131823,-869.069884,-869.03292,-871.896198,-871.84083,-871.809777,26.7,65.6,88.8,14.3,49,68.5,34.7,0.3808,0.3598,0.5545,1.423286,0.548591,0.260682,-23.96,-18.613,-2.6735,-21.2865,-0.049,-0.057,0.035
237.8922,-869.132515627,-869.072060079,26.5,64.4,18.7,45.5,-869.130537,-869.068939,-869.030824,-871.894682,-871.839391,-871.807621,27.5,66.2,90.1,15.2,49.9,69.8,34.7,0.372,0.3668,0.5556,1.439435,0.547645,0.266456,-24.081,-18.877,-2.60199999999999,-21.479,-0.05,-0.056,0.029
239.0816,-869.131391379,-869.0709509,27.2,65.1,19.2,46,-869.129199,-869.067769,-869.028792,-871.893243,-871.838023,-871.805625,28.4,66.9,91.4,16.1,50.8,71.1,34.7,0.3692,0.3717,0.5582,1.443968,0.548615,0.276596,-24.19,-19.215,-2.4875,-21.7025,-0.051,-0.055,0.025
240.2711,-869.13017068,-869.0696979,28,65.9,19.8,46.6,-869.127964,-869.06652,-869.027004,-871.892024,-871.83683,-871.803979,29.1,67.7,92.5,16.9,51.5,72.1,34.6,0.3722,0.3744,0.5621,1.440393,0.550398,0.287819,-24.284,-19.621,-2.33149999999999,-21.9525,-0.051,-0.054,0.024
241.4606,-869.12896712,-869.068447961,28.7,66.7,20.3,47.1,-869.127143,-869.065498,-869.025766,-871.891229,-871.835999,-871.802908,29.7,68.3,93.3,17.4,52,72.8,34.6,0.3787,0.3752,0.5665,1.431465,0.552411,0.29766,-24.359,-20.086,-2.1365,-22.2225,-0.049,-0.053,0.026
242.65,-869.128081272,-869.067495587,29.3,67.3,20.7,47.6,-869.127064,-869.065056,-869.025424,-871.891076,-871.835744,-871.802639,29.7,68.6,93.5,17.5,52.2,73,34.7,0.3876,0.374,0.5702,1.419229,0.554391,0.303999,-24.416,-20.598,-1.90899999999999,-22.507,-0.047,-0.052,0.03
243.8395,-869.127869772,-869.0671716,29.4,67.5,20.8,47.7,-869.12797,-869.065474,-869.026234,-871.891733,-871.836252,-871.803332,29.1,68.4,93,17.1,51.9,72.5,34.8,0.398,0.3709,0.5731,1.404407,0.556179,0.306937,-24.456,-21.144,-1.65599999999999,-22.8,-0.045,-0.051,0.037
245.0289,-869.128613229,-869.067743278,28.9,67.1,20.5,47.5,-869.129778,-869.066737,-869.028102,-871.893124,-871.837459,-871.804912,28,67.6,91.8,16.2,51.1,71.5,34.9,0.4073,0.3666,0.5743,1.389416,0.557788,0.305348,-24.481,-21.708,-1.3865,-23.0945,-0.042,-0.051,0.044
246.2184,-869.130247216,-869.06916596,27.9,66.3,19.7,46.8,-869.131872,-869.0683,-869.030406,-871.894739,-871.838878,-871.806847,26.7,66.6,90.4,15.2,50.2,70.3,35,0.4148,0.3614,0.5736,1.375481,0.559155,0.299755,-24.494,-22.274,-1.11,-23.384,-0.039,-0.051,0.05
247.4079,-869.132177209,-869.070873104,26.7,65.2,18.9,46.1,-869.133598,-869.069571,-869.032479,-871.896084,-871.84005,-871.808623,25.6,65.8,89.1,14.3,49.5,69.2,35.2,0.4204,0.3556,0.5713,1.362809,0.56029,0.291705,-24.497,-22.829,-0.834000000000003,-23.663,-0.037,-0.051,0.056
248.5973,-869.133757401,-869.072266262,25.7,64.3,18.2,45.5,-869.134531,-869.070169,-869.033872,-871.896875,-871.840719,-871.809921,25,65.4,88.2,13.8,49.1,68.4,35.3,0.424,0.3504,0.5683,1.351146,0.561544,0.282858,-24.492,-23.356,-0.567999999999998,-23.924,-0.035,-0.051,0.059
249.7868,-869.134578319,-869.072951585,25.2,63.9,17.8,45.1,-869.134732,-869.070207,-869.03458,-871.89725,-871.841045,-871.810801,24.9,65.4,87.7,13.6,48.9,67.8,35.3,0.4255,0.3468,0.5644,1.341741,0.562159,0.274307,-24.485,-23.839,-0.323000000000007,-24.162,-0.034,-0.052,0.059
250.9762,-869.134708393,-869.073038362,25.1,63.8,17.8,45.1,-869.134155,-869.069673,-869.034484,-871.897127,-871.840958,-871.81111,25.3,65.7,87.8,13.7,48.9,67.7,35.2,0.4247,0.3444,0.5609,1.336155,0.561122,0.266915,-24.481,-24.27,-0.105499999999992,-24.3755,-0.034,-0.052,0.057
252.1657,-869.134108309,-869.072507622,25.5,64.2,18,45.3,-869.133044,-869.068833,-869.033777,-871.896628,-871.840584,-871.810905,26,66.3,88.2,14,49.2,67.8,35.2,0.4206,0.3437,0.5571,1.336311,0.557475,0.259816,-24.487,-24.638,0.075500000000005,-24.5625,-0.035,-0.053,0.051
253.3552,-869.133039723,-869.071616266,26.2,64.7,18.5,45.7,-869.131748,-869.068009,-869.032738,-871.895943,-871.840094,-871.810315,26.8,66.8,88.9,14.4,49.5,68.2,35.1,0.4128,0.3452,0.5538,1.343791,0.550167,0.252618,-24.509,-24.932,0.211500000000001,-24.7205,-0.037,-0.054,0.043
254.5446,-869.131857735,-869.070682482,26.9,65.3,19,46.2,-869.130459,-869.067342,-869.031505,-871.895155,-871.839542,-871.809412,27.6,67.2,89.7,14.9,49.8,68.7,34.9,0.4008,0.3485,0.5503,1.359051,0.539124,0.2444,-24.551,-25.143,0.296000000000006,-24.847,-0.04,-0.054,0.032
255.7341,-869.130762318,-869.069839543,27.6,65.8,19.5,46.5,-869.129727,-869.067223,-869.030612,-871.894715,-871.839326,-871.808706,28,67.3,90.2,15.2,49.9,69.2,34.7,0.3867,0.3536,0.5467,1.377778,0.52616,0.236199,-24.617,-25.266,0.3245,-24.9415,-0.042,-0.054,0.02
256.9235,-869.130259232,-869.069502974,27.9,66,19.7,46.7,-869.129009,-869.066995,-869.02956,-871.894117,-871.838919,-871.807728,28.5,67.4,90.9,15.6,50.2,69.8,34.6,0.3725,0.3587,0.5432,1.395142,0.512592,0.229256,-24.709,-25.299,0.295000000000002,-25.004,-0.045,-0.054,0.009
258.113,-869.129796121,-869.069054051,28.2,66.3,19.9,46.9,-869.128667,-869.06692,-869.028732,-871.893781,-871.838675,-871.806952,28.7,67.5,91.4,15.8,50.4,70.3,34.6,0.3604,0.3638,0.5405,1.409499,0.500267,0.224406,-24.827,-25.247,0.210000000000008,-25.037,-0.047,-0.054,-0.001
259.3025,-869.129687626,-869.068778015,28.3,66.5,20,47,-869.128852,-869.067122,-869.028375,-871.893918,-871.83879,-871.80666,28.6,67.3,91.6,15.7,50.3,70.4,34.6,0.3525,0.368,0.539,1.418451,0.490051,0.221464,-24.965,-25.128,0.081499999999991,-25.0465,-0.048,-0.053,-0.007
260.4919,-869.130040718,-869.068840058,28.1,66.5,19.8,47,-869.128849,-869.066964,-869.027825,-871.893837,-871.838608,-871.806139,28.6,67.4,92,15.7,50.4,70.8,34.7,0.3497,0.3701,0.5395,1.422807,0.482786,0.22232,-25.121,-24.959,-0.081000000000003,-25.04,-0.049,-0.051,-0.009
261.6814,-869.130126188,-869.068624184,28,66.6,19.8,47.1,-869.129193,-869.066872,-869.027666,-871.893955,-871.838472,-871.805889,28.4,67.5,92.1,15.7,50.5,70.9,34.8,0.3526,0.3701,0.5416,1.421455,0.47919,0.224798,-25.29,-24.758,-0.265999999999991,-25.024,-0.047,-0.05,-0.006
262.8708,-869.130454246,-869.068564937,27.8,66.6,19.6,47.1,-869.129919,-869.066926,-869.027967,-871.894232,-871.838372,-871.805875,27.9,67.4,91.9,15.5,50.5,70.9,35,0.3605,0.3679,0.5452,1.415194,0.479663,0.228903,-25.471,-24.538,-0.466499999999996,-25.0045,-0.045,-0.048,0.001
264.0603,-869.131078701,-869.068735917,27.4,66.5,19.4,47,-869.131341,-869.067466,-869.029061,-871.894943,-871.838605,-871.806404,27,67.1,91.2,15,50.4,70.6,35.4,0.372,0.3645,0.5495,1.404386,0.48458,0.234159,-25.661,-24.307,-0.677000000000007,-24.984,-0.042,-0.046,0.013
265.2498,-869.132335145,-869.069453289,26.6,66.1,18.8,46.7,-869.133178,-869.068272,-869.030675,-871.895851,-871.838967,-871.807282,25.9,66.6,90.2,14.5,50.2,70.1,35.7,0.3855,0.3606,0.5537,1.391234,0.493742,0.239572,-25.859,-24.071,-0.894000000000005,-24.965,-0.039,-0.044,0.026
266.4392,-869.133955278,-869.070462479,25.6,65.4,18.1,46.3,-869.135075,-869.069086,-869.032509,-871.896777,-871.839344,-871.808365,24.7,66.1,89,13.9,49.9,69.4,36,0.3991,0.3567,0.5571,1.375605,0.507161,0.245176,-26.066,-23.835,-1.1155,-24.9505,-0.035,-0.043,0.04
267.6287,-869.135618213,-869.071481047,24.6,64.8,17.4,45.8,-869.136414,-869.069412,-869.03394,-871.897283,-871.839345,-871.80918,23.8,65.9,88.1,13.6,49.9,68.9,36.3,0.4114,0.3538,0.5599,1.359843,0.52343,0.250107,-26.281,-23.602,-1.3395,-24.9415,-0.032,-0.042,0.054
268.8182,-869.136728507,-869.071978727,23.9,64.5,16.9,45.6,-869.137164,-869.06934,-869.034996,-871.897528,-871.839235,-871.809903,23.4,65.9,87.5,13.4,50,68.4,36.6,0.4225,0.3516,0.5616,1.342288,0.541958,0.25542,-26.503,-23.382,-1.56049999999999,-24.9425,-0.03,-0.042,0.065
270.0076,-869.137279885,-869.072052941,23.5,64.4,16.6,45.5,-869.137303,-869.068974,-869.035633,-871.897575,-871.839135,-871.810543,23.3,66.2,87.1,13.4,50.1,68,36.7,0.4316,0.3502,0.5628,1.324666,0.560873,0.261203,-26.731,-23.182,-1.7745,-24.9565,-0.029,-0.042,0.073
271.1971,-869.137261506,-869.071801278,23.5,64.6,16.6,45.7,-869.136678,-869.068311,-869.035623,-871.897263,-871.838901,-871.810822,23.7,66.6,87.1,13.6,50.2,67.8,36.6,0.436,0.3499,0.563,1.313201,0.576588,0.266185,-26.961,-23.011,-1.97500000000001,-24.986,-0.029,-0.044,0.076
272.3865,-869.136534689,-869.071195036,24,65,16.9,45.9,-869.13517,-869.067292,-869.034801,-871.896344,-871.838312,-871.810412,24.6,67.2,87.6,14.2,50.6,68.1,36.4,0.4367,0.3503,0.563,1.308952,0.58736,0.271025,-27.188,-22.873,-2.1575,-25.0305,-0.031,-0.046,0.074
273.576,-869.134989744,-869.070186154,24.9,65.6,17.6,46.4,-869.133218,-869.066361,-869.033501,-871.895132,-871.837652,-871.809534,25.8,67.8,88.4,14.9,51,68.6,36.1,0.4318,0.3518,0.5627,1.314768,0.591752,0.275205,-27.407,-22.769,-2.319,-25.088,-0.034,-0.049,0.067
274.7655,-869.13307139,-869.069210847,26.2,66.2,18.5,46.8,-869.131465,-869.066055,-869.032297,-871.894161,-871.837425,-871.808706,26.9,68,89.2,15.5,51.1,69.2,35.6,0.423,0.3542,0.5628,1.327484,0.591366,0.280077,-27.616,-22.695,-2.46050000000001,-25.1555,-0.038,-0.052,0.057
275.9549,-869.131430011,-869.068813344,27.2,66.5,19.2,47,-869.129956,-869.066245,-869.031129,-871.893422,-871.837514,-871.807926,27.9,67.9,89.9,16,51.1,69.7,35.1,0.4098,0.3581,0.5615,1.34583,0.587896,0.284478,-27.809,-22.648,-2.5805,-25.2285,-0.044,-0.055,0.043
277.1444,-869.130109565,-869.068836332,28,66.5,19.8,47,-869.128633,-869.066644,-869.02994,-871.892856,-871.837799,-871.807209,28.7,67.6,90.7,16.4,50.9,70.1,34.5,0.3943,0.3639,0.5591,1.363665,0.584262,0.289245,-27.986,-22.622,-2.68199999999999,-25.304,-0.049,-0.059,0.029
278.3338,-869.129030286,-869.06901862,28.7,66.3,20.3,46.9,-869.127366,-869.066934,-869.02861,-871.892354,-871.838101,-871.806491,29.5,67.4,91.5,16.7,50.7,70.6,34,0.3785,0.3703,0.5562,1.378078,0.58102,0.294568,-28.144,-22.61,-2.767,-25.377,-0.054,-0.062,0.015
279.5233,-869.128023468,-869.069069126,29.3,66.3,20.7,46.9,-869.126452,-869.067265,-869.02755,-871.892218,-871.838666,-871.806146,30.1,67.2,92.2,16.8,50.4,70.8,33.6,0.3653,0.3761,0.553,1.386063,0.578458,0.299707,-28.281,-22.611,-2.83500000000001,-25.446,-0.058,-0.065,0.003
280.7128,-869.127350911,-869.069182399,29.7,66.2,21,46.8,-869.125818,-869.067498,-869.026735,-871.892299,-871.839271,-871.806025,30.5,67.1,92.7,16.7,50,70.8,33.3,0.3551,0.3803,0.55,1.389535,0.575472,0.302036,-28.395,-22.623,-2.88600000000001,-25.509,-0.061,-0.067,-0.005
281.9022,-869.126904326,-869.069243567,30,66.2,21.2,46.8,-869.125589,-869.067727,-869.026352,-871.892587,-871.839869,-871.806139,30.6,66.9,92.9,16.5,49.6,70.8,33.1,0.3498,0.3818,0.5477,1.389568,0.57099,0.300544,-28.481,-22.646,-2.9175,-25.5635,-0.062,-0.068,-0.009
283.0917,-869.126784963,-869.069376259,30.1,66.1,21.3,46.7,-869.125978,-869.068122,-869.026628,-871.893124,-871.840443,-871.80652,30.4,66.7,92.7,16.2,49.2,70.5,33,0.3489,0.3806,0.5465,1.386852,0.564664,0.294517,-28.537,-22.685,-2.926,-25.611,-0.062,-0.067,-0.008
284.2811,-869.127213433,-869.069750799,29.8,65.9,21.1,46.6,-869.12662,-869.068358,-869.027121,-871.893443,-871.840541,-871.806675,30,66.5,92.4,16,49.2,70.4,33.2,0.3516,0.3766,0.5458,1.384738,0.555634,0.285214,-28.561,-22.744,-2.9085,-25.6525,-0.059,-0.066,-0.003
285.4706,-869.127806647,-869.070044541,29.5,65.7,20.8,46.4,-869.127899,-869.068844,-869.028188,-871.893966,-871.840595,-871.807009,29.2,66.2,91.8,15.7,49.2,70.2,33.5,0.3576,0.3706,0.546,1.382761,0.5448,0.27402,-28.553,-22.825,-2.864,-25.689,-0.055,-0.064,0.006
286.6601,-869.128980284,-869.070643871,28.7,65.3,20.3,46.2,-869.129749,-869.069539,-869.029738,-871.894761,-871.840711,-871.807594,28,65.8,90.8,15.2,49.1,69.9,33.9,0.3665,0.3634,0.5473,1.379853,0.533067,0.26285,-28.518,-22.932,-2.79300000000001,-25.725,-0.05,-0.06,0.017
287.8495,-869.130680385,-869.071503285,27.7,64.8,19.5,45.8,-869.131787,-869.070132,-869.031437,-871.895705,-871.840854,-871.808346,26.7,65.4,89.7,14.6,49,69.4,34.4,0.3785,0.3555,0.5493,1.373458,0.522338,0.254051,-28.46,-23.064,-2.69800000000001,-25.762,-0.045,-0.056,0.031
289.039,-869.132545208,-869.072302638,26.5,64.3,18.7,45.4,-869.133215,-869.069905,-869.032463,-871.896161,-871.840445,-871.808653,25.9,65.6,89.1,14.3,49.2,69.2,34.9,0.3917,0.348,0.552,1.363808,0.513899,0.247501,-28.389,-23.215,-2.587,-25.802,-0.039,-0.052,0.044
290.2284,-869.133777275,-869.072300614,25.7,64.3,18.2,45.4,-869.134271,-869.06923,-869.032991,-871.896484,-871.839814,-871.808845,25.2,66,88.7,14.1,49.6,69.1,35.5,0.4023,0.3429,0.5535,1.357777,0.507682,0.240486,-28.313,-23.381,-2.46599999999999,-25.847,-0.033,-0.048,0.055
291.4179,-869.134625884,-869.071797006,25.2,64.6,17.8,45.7,-869.134848,-869.06816,-869.033088,-871.896578,-871.839048,-871.808838,24.8,66.7,88.7,14,50.1,69.1,36.1,0.4125,0.3387,0.5553,1.348912,0.504944,0.23643,-28.237,-23.556,-2.34049999999999,-25.8965,-0.029,-0.044,0.064
292.6074,-869.135047584,-869.070880744,24.9,65.2,17.6,46.1,-869.134902,-869.066834,-869.03272,-871.896296,-871.838037,-871.80847,24.8,67.5,88.9,14.2,50.8,69.3,36.6,0.4195,0.3371,0.5565,1.342498,0.504789,0.233464,-28.165,-23.741,-2.21199999999999,-25.953,-0.026,-0.041,0.069
293.7968,-869.135000864,-869.069662502,24.9,65.9,17.6,46.6,-869.134944,-869.065956,-869.032407,-871.896074,-871.837226,-871.80812,24.8,68.1,89.1,14.3,51.3,69.5,37,0.4213,0.3377,0.5568,1.345723,0.504755,0.229876,-28.096,-23.937,-2.0795,-26.0165,-0.024,-0.038,0.068
294.9863,-869.135022002,-869.068797124,24.9,66.5,17.6,47,-869.13508,-869.065695,-869.032306,-871.895969,-871.836726,-871.807858,24.7,68.2,89.2,14.4,51.6,69.7,37.2,0.4183,0.3406,0.5563,1.358058,0.504259,0.226124,-28.028,-24.149,-1.9395,-26.0885,-0.024,-0.036,0.063
296.1758,-869.135216594,-869.068467374,24.8,66.7,17.5,47.1,-869.135348,-869.066036,-869.032477,-871.896035,-871.836601,-871.807784,24.5,68,89.1,14.4,51.7,69.7,37.3,0.4114,0.3454,0.5555,1.376876,0.503691,0.222826,-27.955,-24.383,-1.786,-26.169,-0.025,-0.036,0.055
297.3652,-869.135606271,-869.068681563,24.6,66.6,17.4,47,-869.135618,-869.066751,-869.032756,-871.896237,-871.836784,-871.807878,24.3,67.6,88.9,14.2,51.5,69.7,37.3,0.4021,0.3524,0.5544,1.400093,0.503526,0.220026,-27.871,-24.643,-1.614,-26.257,-0.028,-0.036,0.043
298.5547,-869.136041757,-869.06921956,24.3,66.2,17.2,46.8,-869.136092,-869.06783,-869.033387,-871.896896,-871.837548,-871.808565,24,66.9,88.5,13.8,51.1,69.3,37.3,0.3922,0.3601,0.5529,1.421806,0.505162,0.218339,-27.77,-24.928,-1.42100000000001,-26.349,-0.031,-0.036,0.03
299.7441,-869.136692725,-869.070107127,23.9,65.7,16.9,46.4,-869.136576,-869.068959,-869.034153,-871.897881,-871.83872,-871.809717,23.7,66.2,88,13.2,50.3,68.5,37.1,0.3834,0.3679,0.5516,1.440296,0.508589,0.217446,-27.645,-25.233,-1.206,-26.439,-0.035,-0.038,0.019
300.9336,-869.137331023,-869.071060125,23.5,65.1,16.6,46,-869.136758,-869.069735,-869.03475,-871.898836,-871.839912,-871.810983,23.6,65.7,87.6,12.6,49.6,67.7,37,0.3771,0.3745,0.5506,1.45389,0.5136,0.217092,-27.493,-25.55,-0.971499999999992,-26.5215,-0.038,-0.039,0.009
302.1231,-869.137628757,-869.071701945,23.3,64.7,16.5,45.7,-869.136247,-869.069708,-869.034778,-871.899213,-871.84053,-871.811803,23.9,65.7,87.6,12.4,49.2,67.2,36.8,0.3727,0.3787,0.5497,1.463407,0.519587,0.216397,-27.313,-25.866,-0.723499999999987,-26.5895,-0.04,-0.041,0.003
303.3125,-869.137185703,-869.071587492,23.6,64.7,16.7,45.8,-869.135651,-869.06946,-869.034761,-871.899367,-871.840886,-871.812453,24.3,65.9,87.6,12.3,49,66.8,36.7,0.3708,0.3804,0.5487,1.470788,0.525048,0.214522,-27.104,-26.173,-0.465500000000006,-26.6385,-0.042,-0.043,0
304.502,-869.136613757,-869.071304879,23.9,64.9,16.9,45.9,-869.135389,-869.069403,-869.035044,-871.899517,-871.841164,-871.813097,24.5,65.9,87.5,12.2,48.8,66.4,36.6,0.3698,0.3793,0.5474,1.478576,0.528765,0.210488,-26.869,-26.46,-0.204499999999996,-26.6645,-0.042,-0.044,0.001
305.6914,-869.136327376,-869.0712549,24.1,64.9,17,45.9,-869.135042,-869.06916,-869.035242,-871.899206,-871.840931,-871.813279,24.7,66,87.3,12.4,48.9,66.3,36.5,0.3704,0.3757,0.5456,1.484937,0.531485,0.205152,-26.611,-26.718,0.0535,-26.6645,-0.042,-0.045,0.005
306.8809,-869.135920404,-869.071056513,24.4,65.1,17.2,46,-869.134738,-869.068894,-869.035465,-871.898642,-871.840421,-871.813172,24.9,66.2,87.2,12.7,49.3,66.4,36.6,0.3726,0.3704,0.5444,1.488192,0.533319,0.199864,-26.336,-26.94,0.301999999999992,-26.638,-0.04,-0.046,0.013
308.0704,-869.135529624,-869.070876053,24.6,65.2,17.4,46.1,-869.134148,-869.068306,-869.035314,-871.897645,-871.839468,-871.812548,25.3,66.6,87.3,13.4,49.9,66.8,36.5,0.3768,0.3643,0.5442,1.48774,0.534568,0.195518,-26.051,-27.12,0.534500000000008,-26.5855,-0.039,-0.047,0.022
309.2598,-869.134828582,-869.070395331,25,65.5,17.7,46.3,-869.133524,-869.067686,-869.035035,-871.896691,-871.838593,-871.811875,25.7,67,87.5,14,50.4,67.2,36.4,0.3831,0.3584,0.545,1.480949,0.536551,0.194217,-25.763,-27.248,0.742499999999993,-26.5055,-0.037,-0.048,0.033
310.4493,-869.134073888,-869.069902279,25.5,65.8,18,46.5,-869.133238,-869.067436,-869.034967,-871.896296,-871.838344,-871.811642,25.8,67.1,87.5,14.2,50.6,67.3,36.4,0.3911,0.3532,0.5475,1.466684,0.540151,0.197673,-25.481,-27.316,0.917500000000004,-26.3985,-0.035,-0.05,0.043
311.6387,-869.13365057,-869.069790563,25.8,65.9,18.2,46.6,-869.13269,-869.067008,-869.034495,-871.895851,-871.838147,-871.811226,26.2,67.4,87.8,14.5,50.7,67.6,36.2,0.4002,0.3491,0.5509,1.44548,0.545453,0.206631,-25.218,-27.31,1.04600000000001,-26.264,-0.035,-0.051,0.052
312.8282,-869.132973689,-869.069499825,26.2,66,18.5,46.7,-869.132019,-869.066586,-869.033726,-871.895382,-871.838026,-871.810628,26.6,67.7,88.3,14.8,50.8,68,36,0.408,0.3468,0.5546,1.420213,0.552061,0.220559,-24.981,-27.226,1.1225,-26.1035,-0.035,-0.052,0.059
314.0177,-869.132195904,-869.069192547,26.7,66.2,18.9,46.8,-869.131269,-869.066283,-869.032712,-871.89479,-871.837886,-871.809735,27.1,67.9,88.9,15.1,50.9,68.5,35.8,0.4134,0.3461,0.5577,1.395659,0.55824,0.238073,-24.777,-27.061,1.14200000000001,-25.919,-0.036,-0.054,0.062
315.2071,-869.131383143,-869.068962404,27.2,66.4,19.2,46.9,-869.130685,-869.066373,-869.03173,-871.894209,-871.837845,-871.808688,27.4,67.8,89.5,15.5,50.9,69.2,35.4,0.415,0.347,0.5599,1.375375,0.562608,0.257334,-24.609,-26.824,1.1075,-25.7165,-0.038,-0.056,0.062
316.3966,-869.130793803,-869.069071707,27.6,66.3,19.5,46.9,-869.130512,-869.067078,-869.031085,-871.893865,-871.838118,-871.807754,27.5,67.4,89.9,15.7,50.7,69.8,35,0.4139,0.3493,0.5615,1.359665,0.564674,0.27725,-24.478,-26.527,1.02449999999999,-25.5025,-0.041,-0.059,0.058
317.586,-869.130674694,-869.069748987,27.7,65.9,19.5,46.6,-869.130428,-869.067966,-869.030456,-871.893508,-871.838356,-871.806733,27.6,66.8,90.3,15.9,50.6,70.4,34.7,0.4089,0.353,0.5618,1.350822,0.564424,0.294969,-24.379,-26.19,0.905500000000004,-25.2845,-0.045,-0.061,0.052
318.7755,-869.130690857,-869.070549143,27.6,65.4,19.5,46.2,-869.129927,-869.068382,-869.029463,-871.892745,-871.838164,-871.805341,27.9,66.5,91,16.4,50.7,71.3,34.3,0.4041,0.3572,0.5619,1.342113,0.563195,0.311308,-24.306,-25.83,0.762,-25.068,-0.049,-0.063,0.044
319.965,-869.13032126,-869.070864834,27.9,65.2,19.7,46.1,-869.129195,-869.068399,-869.028323,-871.89191,-871.837797,-871.80398,28.4,66.5,91.7,17,50.9,72.1,33.9,0.4,0.3618,0.5623,1.334494,0.560831,0.323761,-24.25,-25.463,0.606499999999997,-24.8565,-0.052,-0.064,0.035
321.1544,-869.129711769,-869.070780414,28.3,65.2,20,46.1,-869.128544,-869.068225,-869.027394,-871.891373,-871.837573,-871.803059,28.8,66.6,92.3,17.3,51,72.7,33.7,0.3974,0.3662,0.5625,1.327747,0.557102,0.330043,-24.205,-25.102,0.448499999999996,-24.6535,-0.055,-0.065,0.027
322.3439,-869.129164693,-869.070522338,28.6,65.4,20.2,46.2,-869.128051,-869.067867,-869.026764,-871.891141,-871.837455,-871.802602,29.1,66.9,92.7,17.4,51.1,73,33.7,0.3967,0.3696,0.5634,1.32224,0.551863,0.329296,-24.166,-24.756,0.295000000000002,-24.461,-0.057,-0.066,0.022
323.5333,-869.128742914,-869.070110819,28.9,65.7,20.4,46.4,-869.127883,-869.067416,-869.026609,-871.891222,-871.837385,-871.802647,29.2,67.1,92.7,17.4,51.2,73,33.8,0.3979,0.3715,0.5638,1.319423,0.545257,0.32047,-24.128,-24.43,0.15100000000001,-24.279,-0.057,-0.065,0.018
324.7228,-869.128613166,-869.069640279,28.9,66,20.5,46.6,-869.1281,-869.066938,-869.026914,-871.891519,-871.837237,-871.803062,29.1,67.4,92.6,17.2,51.3,72.7,34.1,0.3993,0.372,0.5633,1.322678,0.537153,0.304562,-24.09,-24.128,0.018999999999991,-24.109,-0.056,-0.063,0.017
325.9123,-869.12883266,-869.069165216,28.8,66.3,20.4,46.8,-869.128989,-869.066763,-869.027916,-871.892215,-871.837214,-871.804004,28.5,67.6,91.9,16.8,51.3,72.1,34.5,0.4005,0.3708,0.5614,1.332982,0.527827,0.283676,-24.051,-23.851,-0.099999999999994,-23.951,-0.053,-0.061,0.019
327.1017,-869.129699211,-869.069010859,28.3,66.3,20,46.9,-869.130694,-869.067048,-869.029717,-871.893466,-871.837483,-871.80561,27.4,67.4,90.8,16,51.1,71.1,35.1,0.4014,0.3671,0.5578,1.350899,0.517612,0.259808,-24.009,-23.603,-0.202999999999989,-23.806,-0.049,-0.058,0.022
328.2912,-869.131361146,-869.06932885,27.2,66.1,19.2,46.8,-869.133078,-869.067737,-869.032178,-871.895253,-871.838102,-871.807846,25.9,66.9,89.3,14.9,50.7,69.7,35.8,0.4026,0.3618,0.5535,1.375125,0.506238,0.234863,-23.965,-23.383,-0.290999999999997,-23.674,-0.044,-0.053,0.027
329.4807,-869.133677449,-869.070074813,25.8,65.7,18.2,46.4,-869.135299,-869.068099,-869.03439,-871.896878,-871.838449,-871.809929,24.5,66.7,87.9,13.8,50.5,68.4,36.7,0.4032,0.3547,0.5482,1.405622,0.492729,0.209876,-23.917,-23.191,-0.363,-23.554,-0.038,-0.049,0.033
330.6701,-869.135812314,-869.070504881,24.4,65.4,17.3,46.2,-869.137069,-869.067967,-869.036109,-871.898208,-871.838497,-871.811709,23.4,66.8,86.8,13,50.5,67.3,37.5,0.4056,0.3471,0.5443,1.439648,0.476868,0.186244,-23.866,-23.025,-0.420500000000004,-23.4455,-0.031,-0.044,0.039
331.8596,-869.137490919,-869.070453638,23.4,65.4,16.5,46.3,-869.13829,-869.067335,-869.037216,-871.899185,-871.838239,-871.813084,22.7,67.2,86.1,12.4,50.6,66.4,38.2,0.4081,0.3392,0.5407,1.476629,0.458644,0.16432,-23.814,-22.881,-0.466499999999996,-23.3475,-0.026,-0.039,0.044
333.049,-869.138616009,-869.069905359,22.7,65.8,16,46.5,-869.139434,-869.066817,-869.038187,-871.900263,-871.838208,-871.814441,21.9,67.5,85.5,11.7,50.6,65.6,38.9,0.4103,0.3325,0.5387,1.516128,0.437996,0.144764,-23.762,-22.752,-0.504999999999995,-23.257,-0.02,-0.034,0.046
334.2385,-869.139693765,-869.069461537,22,66.1,15.5,46.7,-869.140372,-869.06637,-869.038888,-871.901207,-871.838212,-871.815548,21.4,67.8,85,11.1,50.6,64.9,39.5,0.4112,0.3276,0.5378,1.557112,0.416257,0.127999,-23.715,-22.629,-0.543000000000006,-23.172,-0.016,-0.029,0.046
335.428,-869.140577551,-869.069061944,21.4,66.3,15.2,46.9,-869.141255,-869.066235,-869.039518,-871.902069,-871.838356,-871.81645,20.8,67.9,84.6,10.6,50.6,64.3,40,0.4108,0.3247,0.5379,1.596168,0.396017,0.114836,-23.675,-22.501,-0.587000000000003,-23.088,-0.014,-0.025,0.043
336.6174,-869.141440193,-869.068945396,20.9,66.4,14.8,46.9,-869.142037,-869.066408,-869.04006,-871.902755,-871.838564,-871.817076,20.3,67.8,84.3,10.1,50.4,63.9,40.3,0.4078,0.3242,0.538,1.630904,0.379813,0.105658,-23.648,-22.352,-0.647999999999996,-23,-0.012,-0.022,0.038
337.8069,-869.142236533,-869.069099471,20.4,66.3,14.4,46.9,-869.142699,-869.066867,-869.040525,-871.903269,-871.838845,-871.817473,19.9,67.5,84,9.8,50.3,63.7,40.5,0.4033,0.326,0.5383,1.657834,0.370478,0.100841,-23.634,-22.175,-0.729499999999987,-22.9045,-0.013,-0.02,0.03
338.9963,-869.142938105,-869.069506361,20,66,14.1,46.7,-869.143468,-869.067806,-869.041192,-871.903949,-871.83954,-871.818011,19.4,66.9,83.6,9.4,49.8,63.3,40.4,0.3978,0.3294,0.5392,1.672143,0.37066,0.101226,-23.635,-21.964,-0.835499999999996,-22.7995,-0.014,-0.019,0.022
340.1858,-869.143764401,-869.070381316,19.4,65.5,13.7,46.3,-869.143888,-869.068733,-869.041624,-871.904424,-871.840262,-871.818369,19.2,66.3,83.3,9.1,49.4,63.1,40.3,0.3926,0.3345,0.5409,1.671823,0.381433,0.106871,-23.65,-21.717,-0.966499999999996,-22.6835,-0.017,-0.019,0.013
341.3753,-869.144238678,-869.071238136,19.1,65,13.5,45.9,-869.143763,-869.069438,-869.04165,-871.904573,-871.840899,-871.818432,19.2,65.9,83.3,9,49,63.1,40,0.3892,0.3404,0.5434,1.654581,0.40331,0.118815,-23.676,-21.439,-1.1185,-22.5575,-0.021,-0.021,0.006
342.5647,-869.144161726,-869.071880575,19.2,64.5,13.6,45.6,-869.142402,-869.069237,-869.040539,-871.903648,-871.840704,-871.817428,20.1,66,84,9.6,49.1,63.7,39.5,0.3876,0.3468,0.5465,1.621425,0.434743,0.137409,-23.711,-21.136,-1.28750000000001,-22.4235,-0.025,-0.024,0.002
343.7542,-869.142841621,-869.071623997,20,64.7,14.2,45.7,-869.140322,-869.068609,-869.038812,-871.902081,-871.840097,-871.815814,21.4,66.4,85.1,10.6,49.5,64.7,38.9,0.3889,0.3531,0.55,1.573836,0.472989,0.163074,-23.752,-20.812,-1.47,-22.282,-0.03,-0.029,0
344.9436,-869.140771683,-869.07097004,21.3,65.1,15.1,46,-869.138246,-869.068257,-869.037072,-871.900435,-871.839618,-871.814082,22.7,66.6,86.2,11.6,49.8,65.8,38.2,0.3918,0.3586,0.5528,1.519507,0.511625,0.194346,-23.798,-20.469,-1.6645,-22.1335,-0.035,-0.035,0.002
346.1331,-869.138686033,-869.070606771,22.6,65.3,16,46.2,-869.136451,-869.06838,-869.035614,-871.898925,-871.83948,-871.812457,23.8,66.5,87.1,12.5,49.9,66.8,37.4,0.3973,0.362,0.5553,1.459154,0.54687,0.231524,-23.851,-20.108,-1.8715,-21.9795,-0.041,-0.043,0.008
347.3226,-869.136871772,-869.070762766,23.8,65.2,16.8,46.1,-869.134792,-869.068725,-869.034132,-871.897336,-871.839332,-871.810704,24.9,66.3,88,13.5,49.9,67.9,36.4,0.4018,0.3637,0.5566,1.408126,0.570597,0.267609,-23.914,-19.727,-2.09349999999999,-21.8205,-0.046,-0.051,0.016
348.512,-869.135134284,-869.071140084,24.9,65,17.6,46,-869.132749,-869.06864,-869.032289,-871.895286,-871.838849,-871.808488,26.1,66.4,89.2,14.8,50.2,69.3,35.4,0.4096,0.3617,0.5583,1.354503,0.585677,0.306084,-23.99,-19.327,-2.33150000000001,-21.6585,-0.05,-0.059,0.027
349.7015,-869.133023996,-869.071158885,26.2,65,18.5,45.9,-869.130782,-869.068455,-869.030484,-871.893319,-871.838354,-871.806419,27.4,66.5,90.3,16.1,50.6,70.6,34.5,0.416,0.3577,0.5589,1.312099,0.589068,0.337604,-24.083,-18.91,-2.5865,-21.4965,-0.054,-0.067,0.039
350.8909,-869.130935732,-869.071080906,27.5,65.1,19.4,46,-869.129251,-869.068373,-869.029177,-871.891879,-871.838288,-871.804962,28.3,66.5,91.1,17,50.6,71.5,33.6,0.4243,0.351,0.5595,1.272037,0.58484,0.363345,-24.195,-18.48,-2.8575,-21.3375,-0.057,-0.074,0.051
352.0804,-869.129285175,-869.071151131,28.5,65,20.2,45.9,-869.127895,-869.06805,-869.028105,-871.890737,-871.838303,-871.803903,29.2,66.7,91.8,17.7,50.6,72.2,32.9,0.4321,0.3437,0.5597,1.238158,0.575834,0.379983,-24.327,-18.048,-3.1395,-21.1875,-0.059,-0.08,0.061
353.2699,-869.127810893,-869.071004696,29.5,65.1,20.8,46,-869.126477,-869.06731,-869.027001,-871.889636,-871.837993,-871.802914,30.1,67.2,92.5,18.4,50.8,72.8,32.4,0.4367,0.3372,0.5596,1.217249,0.564305,0.383754,-24.477,-17.622,-3.42749999999999,-21.0495,-0.06,-0.084,0.068
354.4593,-869.126315243,-869.070386945,30.4,65.5,21.5,46.3,-869.125215,-869.066363,-869.026072,-871.888689,-871.837429,-871.802099,30.9,67.8,93.1,19,51.1,73.3,32.1,0.438,0.332,0.5587,1.208505,0.553527,0.376596,-24.646,-17.212,-3.717,-20.929,-0.06,-0.085,0.071
355.6488,-869.125035372,-869.06950115,31.2,66,22,46.7,-869.124678,-869.065851,-869.025789,-871.888423,-871.837056,-871.801909,31.2,68.1,93.3,19.1,51.4,73.4,32.3,0.4337,0.3298,0.557,1.218907,0.544648,0.35776,-24.831,-16.827,-4.002,-20.829,-0.06,-0.085,0.07
356.8383,-869.124553119,-869.06894804,31.5,66.4,22.3,46.9,-869.125468,-869.066331,-869.026724,-871.889364,-871.837488,-871.802898,30.7,67.8,92.7,18.5,51.1,72.8,32.6,0.4261,0.3308,0.5547,1.242862,0.53781,0.332081,-25.034,-16.472,-4.28099999999999,-20.753,-0.058,-0.082,0.064
358.0277,-869.125465852,-869.069321902,30.9,66.2,21.9,46.8,-869.127296,-869.067496,-869.028531,-871.891226,-871.83848,-871.804786,29.6,67.1,91.5,17.4,50.5,71.6,33.1,0.4153,0.3337,0.5519,1.278669,0.531584,0.302126,-25.253,-16.154,-4.5495,-20.7035,-0.056,-0.078,0.055
359.2172,-869.127462383,-869.070322104,29.7,65.5,21,46.3,-869.129665,-869.068847,-869.030672,-871.893556,-871.839662,-871.807107,28.1,66.2,90.2,15.9,49.7,70.2,33.8,0.4038,0.3382,0.5488,1.324033,0.523409,0.270091,-25.489,-15.875,-4.807,-20.682,-0.054,-0.072,0.043
360.4066,-869.130023993,-869.071472123,28.1,64.8,19.8,45.8,-869.131838,-869.069664,-869.032461,-871.895713,-871.840514,-871.809269,26.7,65.7,89.1,14.6,49.2,68.8,34.6,0.3928,0.3432,0.5457,1.373337,0.512433,0.239654,-25.742,-15.64,-5.051,-20.691,-0.051,-0.065,0.029
361.5961,-869.132371457,-869.072096208,26.6,64.4,18.8,45.5,-869.134116,-869.070324,-869.03426,-871.898014,-871.841434,-871.811585,25.3,65.3,87.9,13.1,48.6,67.4,35.5,0.3838,0.3472,0.5433,1.424392,0.496641,0.211784,-26.008,-15.449,-5.2795,-20.7285,-0.047,-0.057,0.016
362.7856,-869.134794672,-869.072595516,25.1,64.1,17.7,45.3,-869.135725,-869.070124,-869.035308,-871.899663,-871.841716,-871.813233,24.3,65.4,87.3,12.1,48.4,66.3,36.3,0.3779,0.3503,0.5418,1.472065,0.477931,0.188233,-26.284,-15.308,-5.488,-20.796,-0.043,-0.049,0.004
363.975,-869.136481324,-869.072292878,24,64.3,17,45.4,-869.136764,-869.069336,-869.035744,-871.900645,-871.841394,-871.81414,23.6,65.9,87,11.5,48.7,65.8,37.2,0.3748,0.3518,0.5417,1.51747,0.455569,0.168256,-26.562,-15.219,-5.67150000000001,-20.8905,-0.039,-0.041,-0.004
365.1645,-869.137568207,-869.071444546,23.3,64.8,16.5,45.8,-869.137413,-869.068155,-869.035748,-871.900988,-871.840479,-871.814373,23.2,66.7,87,11.3,49.2,65.6,37.9,0.3732,0.3524,0.542,1.560178,0.431246,0.150261,-26.832,-15.186,-5.82299999999999,-21.009,-0.035,-0.033,-0.01
366.3539,-869.138211675,-869.070230586,22.9,65.6,16.2,46.4,-869.138078,-869.067096,-869.035832,-871.901104,-871.839444,-871.814312,22.8,67.3,87,11.2,49.9,65.6,38.7,0.375,0.3515,0.5437,1.595127,0.408127,0.135867,-27.086,-15.209,-5.93850000000001,-21.1475,-0.03,-0.026,-0.011
367.5434,-869.138851833,-869.069187332,22.5,66.2,15.9,46.8,-869.139171,-869.066609,-869.03645,-871.901451,-871.838762,-871.814438,22.1,67.6,86.6,11,50.3,65.6,39.3,0.3801,0.3491,0.5468,1.620036,0.388968,0.124946,-27.316,-15.289,-6.01350000000001,-21.3025,-0.025,-0.02,-0.008
368.7329,-869.139905717,-869.068761107,21.9,66.5,15.5,47,-869.140733,-869.066755,-869.037542,-871.902152,-871.838547,-871.814889,21.1,67.6,85.9,10.5,50.4,65.3,39.9,0.3858,0.3473,0.55,1.638439,0.373851,0.116177,-27.515,-15.421,-6.047,-21.468,-0.02,-0.016,0
369.9223,-869.141385847,-869.068983285,20.9,66.4,14.8,46.9,-869.14231,-869.067129,-869.038779,-871.902967,-871.838624,-871.815493,20.1,67.3,85.1,10,50.4,64.9,40.4,0.3939,0.3446,0.5544,1.645216,0.365952,0.111034,-27.681,-15.597,-6.042,-21.639,-0.016,-0.013,0.011
371.1118,-869.142859186,-869.069464562,20,66.1,14.1,46.7,-869.143645,-869.06749,-869.039945,-871.903774,-871.838892,-871.816197,19.3,67.1,84.4,9.5,50.2,64.5,40.7,0.4041,0.342,0.5589,1.638583,0.36708,0.109802,-27.812,-15.807,-6.00250000000001,-21.8095,-0.013,-0.011,0.024
372.3012,-869.144067067,-869.069956608,19.3,65.8,13.6,46.5,-869.144248,-869.067422,-869.040474,-871.904096,-871.838911,-871.816483,18.9,67.1,84,9.3,50.2,64.3,40.9,0.4142,0.3402,0.5634,1.620765,0.376634,0.112514,-27.908,-16.039,-5.9345,-21.9735,-0.01,-0.011,0.038
373.4907,-869.144537704,-869.070022509,19,65.7,13.4,46.4,-869.144057,-869.066971,-869.040362,-871.903854,-871.838664,-871.816329,19,67.4,84.1,9.5,50.4,64.4,40.9,0.424,0.3389,0.5662,1.591417,0.395297,0.119611,-27.968,-16.285,-5.8415,-22.1265,-0.009,-0.012,0.052
374.6802,-869.144228245,-869.069693375,19.1,65.9,13.5,46.6,-869.143265,-869.066451,-869.039707,-871.903148,-871.838254,-871.81575,19.5,67.7,84.5,9.9,50.6,64.7,40.7,0.4299,0.3389,0.5669,1.558626,0.418647,0.129977,-27.992,-16.538,-5.72699999999999,-22.265,-0.009,-0.015,0.063
375.8696,-869.14334801,-869.069241925,19.7,66.2,13.9,46.8,-869.142261,-869.06623,-869.03895,-871.902269,-871.837996,-871.815052,20.2,67.9,85,10.5,50.8,65.2,40.3,0.4336,0.3395,0.5663,1.520518,0.44611,0.144606,-27.979,-16.791,-5.59400000000001,-22.385,-0.01,-0.019,0.071
377.0591,-869.142291269,-869.069058301,20.4,66.3,14.4,46.9,-869.14034,-869.065745,-869.03728,-871.900513,-871.837218,-871.813363,21.4,68.2,86.1,11.6,51.3,66.2,39.7,0.4331,0.3418,0.5649,1.486672,0.471308,0.162241,-27.928,-17.038,-5.44499999999999,-22.483,-0.014,-0.024,0.074
378.2485,-869.140371871,-869.068560439,21.6,66.6,15.2,47.1,-869.138216,-869.06558,-869.0354,-871.898643,-871.836617,-871.811433,22.7,68.3,87.2,12.7,51.6,67.5,38.9,0.4293,0.3452,0.5634,1.456877,0.492996,0.182589,-27.837,-17.281,-5.27799999999999,-22.559,-0.019,-0.03,0.073
379.438,-869.138308083,-869.068334965,22.9,66.8,16.2,47.2,-869.136529,-869.066178,-869.03404,-871.897372,-871.83688,-871.810068,23.8,67.9,88.1,13.5,51.5,68.3,38,0.4255,0.3492,0.5628,1.424707,0.511939,0.207134,-27.708,-17.52,-5.09399999999999,-22.614,-0.025,-0.036,0.068
380.6275,-869.136702988,-869.068884279,23.9,66.4,16.9,47,-869.135382,-869.06754,-869.033174,-871.89688,-871.838011,-871.809378,24.5,67.1,88.6,13.8,50.8,68.7,37,0.4193,0.3542,0.5625,1.400774,0.5243,0.231656,-27.546,-17.755,-4.8955,-22.6505,-0.032,-0.043,0.06
381.8169,-869.135661504,-869.070154582,24.5,65.6,17.3,46.4,-869.134079,-869.068789,-869.032147,-871.896482,-871.839258,-871.808734,25.3,66.3,89.3,14.1,50,69.1,35.9,0.4122,0.359,0.5631,1.379129,0.532205,0.256813,-27.355,-17.986,-4.6845,-22.6705,-0.04,-0.05,0.05
383.0064,-869.134484191,-869.071286037,25.3,64.9,17.9,45.9,-869.132043,-869.069168,-869.030406,-871.895503,-871.839892,-871.807521,26.6,66,90.4,14.7,49.6,69.9,34.9,0.4064,0.3636,0.5643,1.358331,0.537487,0.282763,-27.143,-18.213,-4.465,-22.678,-0.048,-0.057,0.038
384.1959,-869.132580053,-869.071564807,26.5,64.7,18.7,45.8,-869.129318,-869.068617,-869.027977,-871.893825,-871.839679,-871.805645,28.3,66.4,91.9,15.7,49.7,71.1,34,0.4009,0.3674,0.5655,1.340471,0.540857,0.307604,-26.916,-18.432,-4.242,-22.674,-0.055,-0.063,0.027
385.3853,-869.129984154,-869.07091481,28.1,65.2,19.9,46.1,-869.126557,-869.067692,-869.025496,-871.891925,-871.83901,-871.803616,30,67,93.4,16.9,50.1,72.4,33.2,0.3954,0.3704,0.5658,1.327286,0.543525,0.329715,-26.68,-18.648,-4.01600000000001,-22.664,-0.061,-0.069,0.017
386.5748,-869.127335739,-869.069893654,29.7,65.8,21,46.5,-869.12439,-869.066942,-869.023604,-871.890318,-871.83835,-871.801972,31.4,67.4,94.6,18,50.6,73.4,32.6,0.3906,0.3725,0.5656,1.317827,0.546153,0.348026,-26.439,-18.862,-3.7885,-22.6505,-0.066,-0.074,0.009
387.7642,-869.125253072,-869.069064664,31.1,66.3,22,46.9,-869.122736,-869.066237,-869.022261,-871.88889,-871.837571,-871.800612,32.4,67.9,95.5,18.8,51,74.2,32.2,0.3878,0.3725,0.565,1.310331,0.548765,0.361656,-26.196,-19.072,-3.562,-22.634,-0.069,-0.077,0.005
388.9537,-869.123643104,-869.068323072,32.1,66.8,22.7,47.2,-869.121738,-869.065703,-869.021588,-871.88783,-871.836834,-871.799736,33.1,68.2,95.9,19.5,51.5,74.8,32,0.3873,0.3713,0.564,1.306247,0.550944,0.368354,-25.953,-19.283,-3.33500000000001,-22.618,-0.07,-0.08,0.004
390.1432,-869.12260878,-869.067799559,32.7,67.1,23.1,47.4,-869.1214,-869.065329,-869.021636,-871.887308,-871.836352,-871.799482,33.3,68.4,95.9,19.8,51.8,75,32,0.3905,0.3683,0.5637,1.300568,0.553202,0.369616,-25.714,-19.498,-3.108,-22.606,-0.07,-0.081,0.007
391.3326,-869.122190487,-869.067498661,33,67.3,23.3,47.6,-869.122415,-869.065815,-869.023055,-871.888101,-871.836896,-871.800648,32.6,68.1,95,19.3,51.5,74.2,32.2,0.397,0.3643,0.5635,1.294068,0.555742,0.365037,-25.48,-19.721,-2.87949999999999,-22.6005,-0.068,-0.081,0.014
392.5221,-869.123052323,-869.068111632,32.4,66.9,22.9,47.3,-869.124146,-869.066591,-869.025154,-871.88962,-871.837897,-871.802602,31.5,67.7,93.7,18.4,50.8,73,32.4,0.4059,0.3602,0.5636,1.288392,0.558471,0.355053,-25.256,-19.954,-2.651,-22.605,-0.065,-0.08,0.023
393.7115,-869.124587512,-869.069040012,31.5,66.3,22.2,46.9,-869.125925,-869.067063,-869.027256,-871.891172,-871.838728,-871.804634,30.4,67.4,92.3,17.4,50.3,71.7,32.9,0.4161,0.356,0.5634,1.282468,0.561377,0.342064,-25.048,-20.193,-2.42749999999999,-22.6205,-0.06,-0.078,0.034
394.901,-869.12616979,-869.069673461,30.5,65.9,21.5,46.6,-869.127394,-869.066962,-869.028896,-871.892293,-871.838943,-871.806189,29.5,67.4,91.3,16.7,50.2,70.7,33.5,0.4257,0.3532,0.5631,1.280044,0.564071,0.325788,-24.86,-20.435,-2.21250000000001,-22.6475,-0.055,-0.074,0.044
396.0905,-869.127473267,-869.069716212,29.7,65.9,21,46.6,-869.12892,-869.066858,-869.030403,-871.893347,-871.838917,-871.807532,28.5,67.5,90.4,16,50.2,69.9,34.2,0.4309,0.3506,0.5612,1.287249,0.56364,0.304892,-24.697,-20.672,-2.0125,-22.6845,-0.05,-0.071,0.052
397.2799,-869.128902323,-869.069675514,28.8,65.9,20.3,46.6,-869.130912,-869.067175,-869.032188,-871.894716,-871.839129,-871.809057,27.3,67.3,89.2,15.2,50.1,68.9,34.9,0.4335,0.3489,0.5588,1.302699,0.559599,0.282076,-24.56,-20.896,-1.83200000000001,-22.728,-0.045,-0.066,0.057
398.4694,-869.130835733,-869.070032774,27.6,65.7,19.5,46.4,-869.133114,-869.067771,-869.034016,-871.896231,-871.839472,-871.810563,25.9,66.9,88.1,14.2,49.9,68,35.7,0.4332,0.3474,0.5564,1.326023,0.550636,0.258927,-24.449,-21.099,-1.67500000000001,-22.774,-0.041,-0.061,0.059
399.6588,-869.133040028,-869.07062785,26.2,65.3,18.5,46.2,-869.135227,-869.068387,-869.035562,-871.897714,-871.839788,-871.811847,24.6,66.5,87.1,13.3,49.7,67.2,36.4,0.4296,0.3459,0.5533,1.35787,0.536046,0.235857,-24.362,-21.278,-1.542,-22.82,-0.037,-0.056,0.057
400.8483,-869.135201815,-869.071206174,24.8,65,17.5,45.9,-869.136761,-869.068512,-869.036409,-871.898779,-871.839801,-871.812617,23.6,66.5,86.6,12.6,49.6,66.7,37,0.4269,0.3456,0.5522,1.389537,0.518584,0.217185,-24.293,-21.433,-1.43000000000001,-22.863,-0.034,-0.051,0.053
402.0378,-869.136788361,-869.071308007,23.8,64.9,16.8,45.9,-869.137951,-869.068424,-869.03685,-871.899739,-871.839825,-871.813218,22.9,66.5,86.3,12,49.6,66.3,37.6,0.4241,0.346,0.5519,1.419826,0.50015,0.201821,-24.241,-21.566,-1.33750000000001,-22.9035,-0.031,-0.045,0.046
403.2272,-869.138046465,-869.071194314,23,65,16.3,45.9,-869.138538,-869.067878,-869.036647,-871.900266,-871.839525,-871.813346,22.5,66.9,86.4,11.7,49.8,66.3,38.1,0.4215,0.3472,0.5528,1.448184,0.481935,0.18966,-24.204,-21.68,-1.262,-22.942,-0.029,-0.04,0.038
404.4167,-869.138703567,-869.070612315,22.6,65.3,16,46.2,-869.138738,-869.067124,-869.036069,-871.900458,-871.839014,-871.813118,22.4,67.3,86.8,11.6,50.1,66.4,38.5,0.4191,0.35,0.5547,1.473638,0.465307,0.180448,-24.18,-21.774,-1.203,-22.977,-0.027,-0.035,0.029
405.6061,-869.13897961,-869.069812499,22.4,65.8,15.9,46.5,-869.138376,-869.066018,-869.035005,-871.900004,-871.83799,-871.81226,22.6,68,87.5,11.9,50.8,66.9,38.9,0.4163,0.3529,0.5571,1.495762,0.451122,0.173645,-24.17,-21.85,-1.16,-23.01,-0.026,-0.03,0.022
406.7956,-869.138694324,-869.068649883,22.6,66.6,16,47.1,-869.137912,-869.065028,-869.033982,-871.899287,-871.836855,-871.811199,22.9,68.6,88.1,12.3,51.5,67.6,39.2,0.414,0.3557,0.5594,1.513003,0.440578,0.16908,-24.176,-21.904,-1.136,-23.04,-0.025,-0.026,0.015
407.9851,-869.138306159,-869.067599837,22.9,67.2,16.2,47.5,-869.137755,-869.064559,-869.033507,-871.898748,-871.836076,-871.810432,23,68.9,88.4,12.7,52,68.1,39.3,0.4127,0.3579,0.562,1.521018,0.435841,0.16753,-24.199,-21.934,-1.13250000000001,-23.0665,-0.024,-0.023,0.011
409.1745,-869.13821159,-869.067088776,22.9,67.6,16.2,47.7,-869.138465,-869.06521,-869.034044,-871.899028,-871.836244,-871.810569,22.6,68.5,88.1,12.5,51.9,68,39.4,0.4098,0.3595,0.5633,1.529252,0.433129,0.165718,-24.237,-21.935,-1.151,-23.086,-0.024,-0.021,0.009
410.364,-869.138953666,-869.067672525,22.5,67.2,15.9,47.5,-869.139644,-869.066589,-869.035353,-871.899925,-871.837255,-871.811471,21.8,67.7,87.3,11.9,51.2,67.4,39.3,0.4085,0.3602,0.5645,1.526036,0.43707,0.167406,-24.29,-21.909,-1.1905,-23.0995,-0.023,-0.02,0.011
411.5535,-869.140151392,-869.069018324,21.7,66.3,15.3,46.9,-869.1406,-869.068008,-869.036726,-871.900853,-871.838539,-871.812555,21.2,66.8,86.4,11.3,50.4,66.7,39.1,0.4097,0.3594,0.5657,1.510369,0.44799,0.172824,-24.355,-21.854,-1.25049999999999,-23.1045,-0.024,-0.021,0.015
412.7429,-869.141104498,-869.070444202,21.1,65.4,14.9,46.3,-869.140911,-869.069095,-869.037623,-871.901405,-871.839667,-871.813377,21,66.1,85.8,11,49.7,66.2,38.7,0.4115,0.3593,0.5667,1.488154,0.463327,0.18117,-24.429,-21.773,-1.328,-23.101,-0.024,-0.023,0.021
413.9324,-869.141374926,-869.071540652,20.9,64.8,14.8,45.8,-869.140451,-869.069754,-869.037885,-871.901401,-871.840491,-871.81371,21.3,65.7,85.7,11,49.2,66,38.2,0.4142,0.3591,0.5671,1.458125,0.482921,0.193746,-24.511,-21.669,-1.42099999999999,-23.09,-0.026,-0.027,0.028
415.1218,-869.140859515,-869.072220026,21.3,64.3,15,45.5,-869.139063,-869.069853,-869.03729,-871.900568,-871.84074,-871.813226,22.2,65.6,86,11.5,49.1,66.3,37.6,0.4166,0.3592,0.5674,1.423806,0.504082,0.210272,-24.599,-21.54,-1.5295,-23.0695,-0.029,-0.033,0.036
416.3113,-869.139422738,-869.072339975,22.2,64.3,15.7,45.4,-869.137052,-869.069661,-869.035999,-871.899069,-871.84053,-871.811985,23.4,65.7,86.9,12.5,49.2,67.1,36.7,0.4178,0.3596,0.5671,1.390361,0.523924,0.230338,-24.695,-21.387,-1.654,-23.041,-0.033,-0.04,0.043
417.5008,-869.137368613,-869.07216171,23.5,64.4,16.6,45.5,-869.134517,-869.069253,-869.034111,-871.896991,-871.839932,-871.81002,25,66,88,13.8,49.6,68.3,35.8,0.4174,0.3589,0.5665,1.35818,0.540246,0.254127,-24.799,-21.207,-1.79600000000001,-23.003,-0.038,-0.048,0.047
418.6902,-869.134843866,-869.07175364,25,64.6,17.7,45.7,-869.131484,-869.068462,-869.031526,-871.894316,-871.838789,-871.807323,26.9,66.5,89.7,15.4,50.3,70,34.9,0.4148,0.3596,0.5659,1.334066,0.551226,0.278128,-24.912,-20.996,-1.958,-22.954,-0.044,-0.057,0.05
419.8797,-869.131823328,-869.070947737,26.9,65.1,19,46,-869.128976,-869.068181,-869.029329,-871.892199,-871.838199,-871.805079,28.5,66.7,91,16.8,50.7,71.4,33.9,0.4112,0.3591,0.5651,1.31381,0.557321,0.302699,-25.038,-20.748,-2.14500000000001,-22.893,-0.05,-0.066,0.05
421.0691,-869.129359008,-869.070642348,28.5,65.3,20.1,46.2,-869.127224,-869.068446,-869.027781,-871.890947,-871.838364,-871.803663,29.6,66.5,92,17.6,50.6,72.3,33,0.4074,0.3577,0.5634,1.29619,0.559676,0.326716,-25.173,-20.463,-2.355,-22.818,-0.056,-0.074,0.048
422.2586,-869.127665846,-869.070886928,29.5,65.2,20.9,46.1,-869.126134,-869.06899,-869.026778,-871.890495,-871.839101,-871.803057,30.3,66.2,92.6,17.8,50.1,72.7,32.3,0.4037,0.3564,0.5616,1.283824,0.559152,0.346731,-25.314,-20.144,-2.58499999999999,-22.729,-0.062,-0.081,0.043
423.4481,-869.126616957,-869.071427684,30.2,64.8,21.3,45.8,-869.124894,-869.068958,-869.025614,-871.889981,-871.839483,-871.802438,31.1,66.2,93.4,18.2,49.8,73.1,31.6,0.4005,0.3546,0.5593,1.274639,0.557065,0.3615,-25.457,-19.796,-2.8305,-22.6265,-0.067,-0.087,0.038
424.6375,-869.125426985,-869.071389165,30.9,64.9,21.9,45.8,-869.123615,-869.068311,-869.024401,-871.889329,-871.839332,-871.80177,31.9,66.6,94.1,18.6,49.9,73.5,31.3,0.3981,0.3527,0.5566,1.269654,0.555458,0.369006,-25.596,-19.425,-3.0855,-22.5105,-0.07,-0.091,0.032
425.827,-869.12416409,-869.070756255,31.7,65.3,22.4,46.1,-869.122852,-869.067587,-869.023719,-871.888929,-871.838988,-871.801453,32.4,67,94.6,18.8,50.2,73.7,31.4,0.3962,0.3512,0.5533,1.269563,0.555609,0.367845,-25.728,-19.043,-3.3425,-22.3855,-0.071,-0.092,0.027
427.0164,-869.123393798,-869.070053762,32.2,65.7,22.8,46.4,-869.12313,-869.067283,-869.024096,-871.889166,-871.838803,-871.801887,32.2,67.2,94.3,18.7,50.3,73.4,31.6,0.3958,0.35,0.5504,1.274667,0.558301,0.357808,-25.848,-18.658,-3.59500000000001,-22.253,-0.071,-0.091,0.023
428.2059,-869.123634489,-869.069777197,32.1,65.9,22.7,46.6,-869.124429,-869.067375,-869.025509,-871.889999,-871.838752,-871.803033,31.4,67.2,93.4,18.2,50.3,72.7,32.1,0.3965,0.3486,0.5472,1.284162,0.563367,0.340552,-25.956,-18.284,-3.836,-22.12,-0.069,-0.088,0.02
429.3954,-869.124870968,-869.069907746,31.3,65.8,22.1,46.5,-869.126341,-869.067507,-869.027517,-871.891109,-871.83856,-871.804549,30.2,67.1,92.2,17.5,50.4,71.8,32.9,0.3986,0.3476,0.5436,1.298594,0.569384,0.317297,-26.051,-17.933,-4.059,-21.992,-0.064,-0.083,0.02
430.5848,-869.126697738,-869.070086275,30.2,65.7,21.3,46.4,-869.129071,-869.067925,-869.030284,-871.892859,-871.838649,-871.80678,28.5,66.8,90.4,16.4,50.4,70.4,34,0.4025,0.3461,0.5409,1.317669,0.574263,0.289949,-26.133,-17.619,-4.25700000000001,-21.876,-0.058,-0.076,0.022
431.7743,-869.129319622,-869.070557388,28.5,65.4,20.1,46.2,-869.132672,-869.068831,-869.033821,-871.89551,-871.839407,-871.80991,26.2,66.3,88.2,14.7,49.9,68.4,35.2,0.4072,0.3438,0.5388,1.34151,0.574896,0.260436,-26.204,-17.354,-4.425,-21.779,-0.051,-0.068,0.026
432.9637,-869.132806086,-869.07152419,26.3,64.8,18.6,45.8,-869.136902,-869.070151,-869.037825,-871.898941,-871.840829,-871.813727,23.5,65.4,85.7,12.5,49,66,36.5,0.4122,0.3414,0.5375,1.371694,0.567724,0.229579,-26.261,-17.15,-4.5555,-21.7055,-0.043,-0.059,0.032
434.1532,-869.136929478,-869.072900652,23.7,63.9,16.8,45.2,-869.140195,-869.070544,-869.040745,-871.901621,-871.841569,-871.816639,21.5,65.2,83.9,10.9,48.5,64.2,37.6,0.4175,0.3378,0.5382,1.4062,0.551135,0.200402,-26.302,-17.018,-4.642,-21.66,-0.035,-0.049,0.037
435.3427,-869.140140459,-869.073363304,21.7,63.6,15.3,45,-869.142226,-869.069963,-869.042204,-871.903165,-871.841366,-871.818148,20.2,65.5,83,9.9,48.7,63.2,38.8,0.4206,0.3342,0.5403,1.449122,0.523497,0.17306,-26.322,-16.965,-4.6785,-21.6435,-0.028,-0.04,0.043
436.5321,-869.142135973,-869.072826343,20.5,64,14.5,45.2,-869.14285,-869.068455,-869.042112,-871.90335,-871.840118,-871.818048,19.8,66.5,83,9.8,49.5,63.3,39.7,0.4215,0.3309,0.5438,1.495935,0.488433,0.149874,-26.317,-16.999,-4.65900000000001,-21.658,-0.021,-0.032,0.046
437.7216,-869.142763657,-869.071343815,20.1,64.9,14.2,45.9,-869.143043,-869.067116,-869.041503,-871.903105,-871.838829,-871.817333,19.7,67.3,83.4,9.9,50.3,63.7,40.4,0.4206,0.3291,0.548,1.540791,0.452163,0.132261,-26.287,-17.121,-4.583,-21.704,-0.016,-0.025,0.048
438.9111,-869.142999086,-869.070001423,19.9,65.7,14.1,46.5,-869.142912,-869.066143,-869.040556,-871.90256,-871.837634,-871.816201,19.8,67.9,84,10.3,51,64.5,40.7,0.4171,0.3295,0.5518,1.577978,0.421237,0.120786,-26.231,-17.332,-4.4495,-21.7815,-0.013,-0.019,0.048
,,,,,,,,,,,,,,,,,,,,,,,,,,,,,,,,
,,,,,,,,,,,,,,,,,,,,,,,,,,,,,,,,
,36.6167741935484,,,,,,,,,,,,,,,,,,,,,,,,,,,,,,,
,,,,,,,,,,,,,,,,,,,,,,,,,,,,,,,,
,,,,,,,,,,,,,,,,,,,36.6644736842105,,,,,,,,,,,,,
